m.NAME, 350-30, 351-07, 351-18, 351-19, 354-17, 355-13, 359-06, 361-23, 364-05, 368-28, 369-25, 373-34, 379-08, 381-10, 381-26, 384-20, 385-21, 389-33, 390-27, 398-11, 400-09, 405-24, 406-15, 406-31, 411-32, 423-02, 424-22, 436-12, 454-01, 457-29, 465-14, 478-03, 530-16, 542-00, 559-04
Goldbeter1991 - Min Mit Oscil, 0, 1, 0, 0, 0, 0, 0, 0, 0, 0, 0, 1, 0, 0, 0, 0, 0, 0, 0, 0, 1, 0, 0, 0, 0, 0, 0, 2, 2, 0, 0, 0, 4, 4, 3
Tyson1991 - Cell Cycle 6 var, 4, 0, 8, 4, 4, 17, 6, 2, 8, 7, 4, 0, 1, 13, 7, 4, 13, 7, 6, 6, 1, 7, 7, 9, 6, 7, 14, 6, 6, 14, 14, 11, 13, 10, 10
Goldbeter1991 - Min Mit Oscil, Expl Inact, 0, 1, 0, 0, 0, 0, 0, 0, 0, 0, 0, 1, 0, 0, 0, 0, 0, 0, 0, 0, 1, 0, 0, 0, 0, 0, 0, 2, 2, 4, 4, 4, 6, 6, 5
Edelstein1996 - EPSP ACh species, 85, 0, 85, 28, 20, 20, 14, 0, 68, 21, 20, 0, 0, 24, 19, 20, 34, 18, 14, 20, 0, 14, 85, 32, 12, 68, 24, 14, 68, 22, 32, 25, 22, 25, 17
Levchenko2000_MAPK_noScaffold, 98, 0, 156, 212, 194, 314, 288, 0, 80, 288, 122, 0, 0, 216, 120, 226, 168, 120, 288, 144, 0, 144, 120, 100, 120, 60, 180, 124, 40, 120, 120, 60, 100, 40, 50
Kholodenko2000 - MAPK feedback, 0, 0, 0, 0, 0, 0, 0, 0, 0, 0, 0, 0, 0, 0, 0, 0, 0, 0, 0, 0, 0, 0, 0, 0, 0, 0, 0, 0, 0, 0, 0, 0, 0, 0, 0
Huang1996 - MAPK ultrasens, 0, 0, 0, 0, 0, 0, 0, 0, 0, 0, 0, 0, 0, 0, 0, 0, 0, 0, 0, 0, 0, 0, 0, 0, 0, 0, 0, 0, 0, 0, 0, 0, 0, 0, 0
Gardner1998 - Cell Cycle Goldbeter, 6, 1, 15, 12, 12, 15, 12, 0, 6, 20, 8, 1, 0, 10, 8, 33, 6, 8, 30, 28, 1, 17, 29, 4, 12, 11, 20, 30, 14, 10, 16, 6, 20, 10, 9
Tyson1991 - Cell Cycle 2 var, 0, 0, 0, 0, 0, 0, 0, 0, 0, 0, 0, 0, 0, 3, 0, 0, 3, 0, 0, 0, 0, 0, 0, 3, 0, 0, 3, 0, 0, 3, 3, 3, 3, 3, 3
Novak1997 - Cell Cycle, 41, 0, 58, 154, 108, 98, 98, 14, 18, 134, 57, 8, 9, 41, 30, 241, 55, 29, 164, 140, 13, 98, 104, 20, 36, 32, 84, 154, 44, 34, 50, 20, 52, 25, 20
Curto1998_purineMetabol, 0, 0, 0, 0, 0, 0, 0, 0, 0, 0, 0, 0, 0, 0, 0, 0, 0, 0, 0, 0, 0, 0, 0, 0, 0, 0, 0, 0, 0, 0, 0, 0, 0, 0, 0
Poolman2004_CalvinCycle, 100, 34, 129, 196, 118, 145, 102, 36, 116, 177, 159, 26, 29, 137, 85, 88, 158, 99, 96, 110, 15, 75, 86, 115, 54, 75, 90, 50, 44, 69, 87, 62, 47, 36, 34
Elowitz2000_Repressilator, 0, 0, 0, 0, 0, 0, 0, 0, 0, 0, 0, 0, 0, 0, 0, 0, 0, 0, 0, 0, 0, 0, 0, 0, 0, 0, 0, 0, 0, 0, 0, 0, 0, 0, 0
Levchenko2000_MAPK_Scaffold, 22577, 0, 24132, 206239, 217357, 187133, 59990, 0, 3998, 59789, 44885, 0, 0, 28704, 22885, 199906, 28278, 4822, 57782, 45618, 0, 45741, 19709, 4789, 4404, 3418, 24917, 43722, 2988, 4521, 4481, 586, 3947, 430, 456
Edelstein1996 - EPSP ACh event, 19, 0, 19, 20, 20, 20, 14, 0, 12, 14, 14, 0, 0, 24, 19, 20, 24, 12, 14, 14, 0, 14, 19, 22, 12, 12, 24, 14, 12, 22, 22, 17, 22, 17, 17
Markevich2004_MAPK_orderedMM, 0, 3, 2, 2, 2, 2, 4, 10, 2, 4, 2, 3, 7, 2, 2, 2, 2, 2, 4, 4, 7, 4, 2, 2, 2, 2, 4, 4, 2, 6, 6, 4, 6, 4, 4
Markevich2004_MAPK_orderedElementary, 7, 0, 6, 10, 10, 30, 12, 0, 6, 12, 10, 0, 0, 31, 6, 10, 31, 6, 12, 12, 0, 12, 6, 26, 6, 6, 26, 12, 6, 24, 24, 18, 20, 14, 14
Smolen2002_CircClock, 0, 0, 2, 2, 2, 2, 4, 2, 2, 4, 2, 0, 2, 2, 2, 2, 2, 2, 4, 4, 2, 4, 2, 2, 2, 2, 4, 4, 2, 6, 6, 4, 6, 4, 4
Markevich2004_MAPK_phosphoRandomMM, 5, 22, 10, 8, 12, 16, 10, 32, 6, 10, 5, 20, 19, 10, 10, 12, 10, 6, 10, 10, 19, 10, 10, 6, 6, 6, 15, 10, 6, 12, 12, 7, 12, 7, 7
Markevich2004_MAPK_phosphoRandomElementary, 28, 0, 24, 64, 64, 103, 76, 0, 24, 76, 64, 0, 0, 79, 24, 64, 78, 24, 76, 76, 0, 76, 24, 57, 24, 24, 69, 76, 24, 54, 54, 31, 47, 24, 24
Vilar2002_Oscillator, 41, 0, 50, 66, 69, 74, 56, 0, 30, 46, 51, 0, 0, 56, 70, 70, 45, 34, 52, 60, 0, 58, 46, 32, 40, 28, 61, 56, 26, 43, 38, 21, 39, 19, 24
Smolen2004_CircClock, 4, 4, 0, 8, 0, 8, 0, 4, 0, 0, 4, 2, 2, 4, 0, 10, 8, 0, 0, 10, 2, 5, 10, 4, 0, 5, 10, 18, 18, 5, 10, 5, 18, 18, 9
Ueda2001_CircClock, 235, 24, 201, 1584, 2521, 609, 2292, 27, 58, 2298, 586, 9, 10, 213, 461, 1720, 387, 386, 2292, 672, 10, 660, 321, 131, 384, 78, 443, 660, 78, 153, 159, 34, 153, 34, 32
Scheper1999_CircClock, 0, 2, 2, 2, 2, 2, 4, 2, 2, 4, 2, 2, 2, 2, 2, 2, 2, 2, 4, 4, 2, 4, 2, 2, 2, 2, 4, 4, 2, 6, 6, 4, 6, 4, 4
Rohwer2001_Sucrose, 67, 4, 53, 68, 54, 47, 52, 7, 50, 50, 90, 5, 6, 64, 42, 51, 48, 34, 30, 54, 3, 60, 42, 55, 20, 37, 39, 34, 20, 39, 33, 26, 22, 15, 18
Kofahl2004_PheromonePathway, 153, 10, 209, 244, 537, 460, 494, 14, 130, 480, 170, 9, 8, 320, 370, 223, 259, 290, 476, 142, 8, 171, 132, 166, 288, 87, 252, 126, 50, 176, 148, 92, 131, 57, 82
Markevich2004_MAPK_orderedMM2kinases, 0, 3, 2, 2, 2, 2, 4, 10, 2, 4, 2, 3, 7, 2, 2, 2, 2, 2, 4, 4, 7, 4, 2, 2, 2, 2, 4, 4, 2, 6, 6, 4, 6, 4, 4
Markevich2004_MAPK_AllRandomElementary, 36, 0, 32, 100, 100, 144, 112, 0, 32, 112, 100, 0, 0, 104, 32, 100, 104, 32, 112, 112, 0, 112, 32, 72, 32, 32, 92, 112, 32, 68, 68, 36, 60, 28, 28
Morrison1989_FolateCycle, 200, 104, 233, 865, 765, 662, 414, 93, 88, 529, 343, 111, 43, 260, 236, 934, 361, 141, 494, 510, 39, 399, 312, 133, 124, 112, 365, 464, 120, 143, 192, 63, 159, 61, 48
Schoeberl2002_EGF_MAPK, 0, 0, 0, 0, 0, 0, 0, 0, 0, 0, 0, 0, 0, 0, 0, 0, 0, 0, 0, 0, 0, 0, 0, 0, 0, 0, 0, 0, 0, 0, 0, 0, 0, 0, 0
Goldbeter1995_CircClock, 9, 2, 16, 21, 21, 27, 16, 2, 10, 16, 13, 2, 2, 17, 14, 25, 16, 8, 16, 20, 2, 20, 16, 10, 8, 10, 23, 20, 10, 18, 18, 10, 18, 10, 10
Hoefnagel2002_PyruvateBranches, 161, 0, 143, 271, 135, 192, 132, 0, 108, 123, 285, 0, 0, 187, 86, 150, 200, 57, 58, 172, 0, 133, 104, 140, 28, 70, 126, 66, 36, 78, 86, 48, 39, 25, 24
Leloup1999_CircClock, 14, 4, 20, 30, 20, 26, 12, 6, 8, 16, 14, 4, 4, 12, 10, 59, 16, 6, 20, 44, 4, 29, 47, 8, 8, 19, 35, 46, 30, 17, 27, 11, 31, 21, 14
Brown2004_NGF_EGF_signaling, 0, 13, 0, 0, 0, 0, 6, 20, 0, 6, 0, 19, 22, 0, 6, 0, 0, 8, 6, 6, 22, 6, 6, 4, 8, 8, 6, 6, 8, 28, 28, 30, 26, 28, 28
Oxhamre2005_Ca_oscillation, 0, 0, 0, 0, 0, 0, 2, 0, 0, 2, 0, 0, 0, 0, 2, 0, 0, 2, 2, 0, 0, 2, 2, 0, 2, 2, 2, 0, 2, 4, 4, 3, 4, 3, 3
Kholodenko1999_EGFRsignaling, 0, 0, 0, 0, 0, 0, 0, 0, 0, 0, 0, 0, 0, 0, 0, 0, 0, 0, 0, 0, 0, 0, 0, 0, 0, 0, 0, 0, 0, 0, 0, 0, 0, 0, 0
Borghans1997 - Calcium Oscillation - Model 3, 8, 0, 10, 32, 40, 16, 60, 0, 6, 60, 20, 0, 0, 10, 20, 48, 16, 20, 60, 34, 0, 34, 22, 10, 20, 10, 30, 34, 10, 20, 20, 8, 20, 8, 8
Borghans1997 - Calcium Oscillation - Model 2, 2, 4, 3, 4, 6, 4, 12, 2, 2, 12, 3, 4, 1, 3, 6, 8, 4, 6, 12, 8, 2, 8, 7, 3, 6, 4, 9, 10, 6, 9, 9, 5, 11, 7, 6
Olsen2003_peroxidase, 69, 0, 79, 77, 22, 82, 26, 0, 82, 23, 103, 0, 0, 90, 53, 57, 86, 41, 16, 70, 0, 76, 51, 78, 22, 58, 57, 48, 36, 52, 52, 40, 32, 25, 23
Ferreira2003_CML_generation2, 19, 8, 28, 32, 18, 15, 14, 4, 16, 16, 31, 4, 2, 17, 21, 42, 12, 13, 16, 44, 2, 34, 32, 13, 12, 19, 24, 36, 20, 18, 20, 11, 20, 12, 11
Brands2002 - Monosaccharide-casein systems, 37, 0, 45, 14, 3, 8, 2, 0, 34, 3, 24, 0, 0, 17, 9, 26, 8, 9, 2, 24, 0, 28, 33, 18, 8, 28, 13, 22, 22, 18, 17, 17, 14, 13, 15
Locke2005 - Circadian Clock, 0, 20, 0, 0, 4, 0, 8, 16, 0, 8, 0, 13, 12, 0, 4, 16, 0, 4, 18, 16, 12, 12, 16, 0, 10, 8, 16, 26, 18, 12, 16, 8, 31, 22, 18
Ataullahkhanov1996_Adenylate, 0, 0, 0, 0, 0, 0, 0, 0, 0, 0, 0, 0, 0, 0, 0, 0, 0, 0, 0, 0, 0, 0, 0, 0, 0, 0, 0, 2, 2, 0, 0, 0, 3, 3, 3
Field1974_Oregonator, 13, 0, 14, 8, 4, 8, 6, 0, 16, 6, 21, 0, 0, 14, 14, 9, 11, 13, 4, 18, 0, 18, 12, 16, 8, 15, 12, 12, 10, 15, 14, 12, 10, 8, 8
Kongas2007 - Creatine Kinase in energy metabolic signaling in muscle, 16, 0, 16, 8, 0, 2, 0, 0, 18, 0, 12, 0, 0, 7, 12, 5, 8, 13, 0, 10, 0, 9, 13, 16, 10, 14, 5, 6, 10, 12, 13, 17, 8, 12, 12
Marhl2000_CaOscillations, 6, 8, 8, 20, 24, 10, 36, 1, 6, 36, 16, 10, 1, 11, 12, 28, 12, 12, 36, 26, 3, 26, 14, 10, 12, 8, 20, 26, 8, 18, 18, 9, 17, 8, 8
Rohwer2000_Phosphotransferase_System, 0, 0, 0, 0, 0, 22, 0, 0, 0, 0, 0, 0, 0, 24, 0, 0, 24, 0, 0, 0, 0, 0, 0, 28, 0, 0, 16, 0, 0, 18, 18, 20, 13, 15, 15
Tyson1999_CircClock, 2, 3, 3, 4, 6, 4, 12, 3, 2, 12, 3, 2, 2, 3, 6, 8, 4, 6, 12, 8, 2, 8, 7, 3, 6, 4, 9, 8, 4, 9, 9, 5, 9, 5, 5
Marwan_Genetics_2003, 0, 0, 0, 0, 0, 0, 0, 0, 0, 0, 0, 0, 0, 0, 0, 0, 0, 0, 0, 0, 0, 0, 0, 0, 0, 0, 0, 0, 0, 0, 0, 0, 0, 0, 0
Borghans1997 - Calcium Oscillation - Model 1, 2, 3, 3, 4, 6, 4, 12, 3, 0, 12, 3, 4, 2, 3, 6, 8, 4, 6, 12, 8, 2, 8, 7, 3, 6, 4, 9, 8, 4, 11, 11, 7, 11, 7, 7
Nielsen1998_Glycolysis, 60, 2, 39, 131, 95, 160, 86, 4, 20, 64, 74, 0, 2, 89, 57, 110, 111, 30, 46, 68, 1, 62, 61, 60, 22, 31, 98, 44, 28, 54, 57, 29, 39, 27, 21
Chassagnole2002_Carbon_Metabolism, 98, 14, 53, 300, 140, 178, 66, 8, 20, 129, 112, 5, 3, 67, 48, 249, 143, 43, 114, 194, 5, 91, 181, 53, 38, 63, 125, 162, 108, 45, 91, 31, 77, 50, 27
Martins2003_AmadoriDegradation, 56, 0, 53, 24, 45, 13, 60, 0, 44, 48, 34, 0, 0, 28, 45, 24, 22, 44, 48, 20, 0, 34, 38, 37, 44, 32, 22, 20, 20, 37, 26, 25, 26, 17, 24
Chen2004 - Cell Cycle Regulation, 226, 29, 321, 637, 850, 733, 410, 50, 108, 433, 231, 46, 28, 282, 334, 852, 297, 149, 496, 366, 28, 328, 380, 109, 172, 130, 417, 360, 134, 172, 194, 73, 203, 85, 82
Sasagawa2005_MAPK, 1311, 63, 1261, 3779, 2691, 2867, 1574, 97, 598, 1640, 1904, 51, 42, 1400, 1216, 3542, 1446, 639, 1446, 1902, 38, 1788, 1199, 688, 570, 564, 1285, 1658, 526, 607, 649, 260, 525, 212, 198
Blum2000_LHsecretion_1, 0, 0, 0, 0, 0, 0, 0, 1, 0, 0, 0, 1, 1, 1, 0, 0, 2, 0, 0, 0, 1, 0, 0, 3, 0, 0, 1, 0, 0, 2, 3, 5, 3, 6, 4
Leloup2003_CircClock_LD, 28, 15, 34, 76, 36, 60, 24, 15, 12, 30, 28, 9, 6, 22, 14, 148, 38, 10, 36, 100, 6, 60, 104, 14, 12, 36, 74, 116, 80, 30, 52, 18, 62, 44, 22
Xu2003_Phosphoinositide_turnover, 0, 0, 0, 0, 0, 0, 0, 0, 0, 0, 0, 0, 0, 0, 0, 0, 0, 0, 0, 0, 0, 0, 0, 0, 0, 0, 0, 0, 0, 0, 0, 0, 0, 0, 0
Cronwright2002_Glycerol_Synthesis, 0, 0, 0, 0, 0, 0, 0, 0, 0, 0, 0, 0, 0, 0, 0, 0, 0, 0, 0, 0, 0, 0, 0, 1, 0, 0, 0, 0, 0, 1, 1, 2, 1, 2, 2
Bhartiya2003_Tryptophan_operon, 0, 1, 0, 0, 0, 0, 0, 5, 0, 0, 0, 1, 3, 0, 0, 0, 0, 0, 0, 0, 3, 0, 0, 0, 0, 0, 0, 2, 2, 0, 0, 0, 3, 3, 2
Galazzo1990_FermentationPathwayKinetics, 17, 9, 13, 23, 3, 15, 6, 5, 12, 8, 24, 5, 5, 19, 1, 23, 21, 2, 8, 32, 4, 23, 17, 17, 2, 14, 19, 28, 16, 14, 18, 12, 14, 11, 9
Teusink2000_Glycolysis, 60, 0, 48, 79, 32, 79, 28, 37, 62, 30, 108, 0, 13, 77, 16, 73, 70, 11, 20, 94, 10, 90, 44, 68, 6, 52, 56, 78, 44, 50, 50, 37, 35, 26, 23
Yildirim2003_Lac_Operon, 0, 8, 0, 0, 1, 0, 0, 11, 0, 1, 0, 9, 6, 0, 1, 4, 0, 1, 2, 2, 8, 2, 4, 0, 2, 2, 5, 8, 8, 4, 5, 4, 12, 11, 9
Sneyd2002_IP3_Receptor, 3, 0, 3, 1, 0, 0, 0, 0, 4, 0, 2, 0, 0, 1, 0, 1, 1, 0, 0, 2, 0, 2, 3, 3, 0, 4, 1, 2, 4, 3, 3, 5, 3, 5, 5
Bindschadler2001_coupled_Ca_oscillators, 0, 2, 0, 0, 4, 0, 2, 3, 0, 2, 0, 2, 2, 0, 4, 2, 0, 2, 10, 0, 2, 2, 1, 0, 8, 1, 2, 4, 2, 2, 1, 1, 9, 5, 7
Fridlyand2003_Calcium_flux, 0, 6, 0, 0, 4, 0, 6, 6, 0, 6, 0, 6, 2, 0, 2, 4, 0, 2, 22, 6, 3, 6, 2, 0, 8, 2, 4, 42, 28, 4, 4, 2, 20, 12, 8
Leloup2003_CircClock_DD, 28, 15, 34, 76, 36, 60, 24, 15, 12, 30, 28, 9, 6, 22, 14, 148, 38, 10, 36, 100, 6, 60, 104, 14, 12, 36, 74, 116, 80, 30, 52, 18, 62, 44, 22
Yi2003_GproteinCycle, 0, 1, 0, 0, 0, 0, 0, 2, 0, 0, 0, 1, 2, 4, 0, 1, 4, 0, 0, 0, 1, 1, 1, 5, 0, 1, 4, 2, 2, 6, 7, 7, 7, 8, 6
Bakker2001_Glycolysis, 13, 0, 13, 15, 9, 52, 14, 42, 10, 10, 14, 0, 33, 48, 6, 14, 43, 6, 10, 12, 21, 13, 10, 39, 6, 8, 32, 10, 6, 31, 29, 25, 22, 18, 19
Curien2003_MetThr_synthesis, 0, 0, 0, 0, 0, 0, 0, 0, 6, 0, 4, 0, 6, 0, 2, 0, 0, 3, 0, 2, 3, 4, 0, 4, 2, 4, 0, 2, 2, 4, 2, 7, 2, 4, 5
Fung2005_Metabolic_Oscillator, 3, 5, 3, 4, 2, 5, 2, 6, 2, 2, 3, 5, 5, 6, 1, 5, 6, 1, 4, 4, 5, 4, 4, 5, 2, 3, 7, 6, 4, 6, 6, 5, 11, 9, 9
Chassagnole2001_Threonine Synthesis, 16, 1, 13, 0, 0, 2, 0, 4, 34, 0, 0, 3, 8, 6, 9, 0, 6, 28, 0, 0, 4, 0, 7, 18, 18, 24, 3, 0, 12, 9, 8, 23, 4, 11, 14
Holzhutter2004_Erythrocyte_Metabolism, 243, 23, 246, 411, 316, 432, 278, 78, 180, 222, 370, 25, 37, 368, 208, 321, 306, 132, 140, 222, 19, 240, 160, 236, 92, 104, 231, 122, 54, 163, 141, 96, 86, 54, 64
Fuss2006_MitoticActivation, 0, 0, 0, 0, 0, 4, 0, 2, 0, 0, 0, 2, 2, 4, 0, 0, 4, 0, 0, 0, 2, 0, 0, 5, 0, 0, 4, 0, 0, 5, 5, 8, 5, 8, 7
Keizer1996_Ryanodine_receptor_adaptation, 0, 6, 0, 0, 0, 0, 0, 0, 6, 0, 0, 0, 3, 0, 0, 0, 0, 0, 0, 0, 3, 0, 0, 0, 0, 6, 0, 0, 6, 0, 0, 3, 0, 3, 3
Hynne2001_Glycolysis, 80, 3, 61, 142, 110, 183, 102, 4, 40, 98, 116, 1, 3, 126, 82, 119, 147, 61, 54, 112, 2, 90, 76, 98, 38, 46, 115, 60, 32, 73, 76, 49, 46, 34, 32
Leloup2003_CircClock_DD_REV-ERBalpha, 28, 19, 34, 76, 36, 60, 24, 20, 12, 30, 28, 11, 8, 22, 14, 152, 38, 10, 36, 102, 8, 62, 108, 14, 12, 38, 76, 126, 90, 31, 54, 19, 69, 51, 25
Proctor2006_telomere, 835, 0, 899, 2169, 1399, 1784, 746, 0, 494, 727, 1199, 0, 0, 1055, 527, 1196, 1074, 277, 392, 714, 0, 673, 505, 585, 164, 271, 625, 366, 140, 348, 335, 177, 180, 89, 94
Maurya2005_GTPaseCycle_reducedOrder, 74, 0, 52, 38, 15, 27, 20, 0, 42, 21, 36, 0, 0, 45, 49, 22, 45, 41, 12, 26, 0, 22, 46, 56, 34, 37, 29, 16, 32, 35, 36, 34, 23, 26, 25
Hornberg2005_ERKcascade, 0, 3, 0, 0, 0, 0, 0, 3, 0, 0, 0, 3, 3, 0, 0, 0, 0, 0, 0, 0, 3, 0, 0, 0, 0, 0, 0, 0, 0, 8, 8, 8, 8, 8, 8
Bornheimer2004_GTPaseCycle, 246, 0, 186, 116, 78, 84, 62, 0, 118, 72, 84, 0, 0, 94, 108, 78, 104, 76, 42, 64, 0, 54, 174, 96, 54, 110, 66, 42, 102, 58, 68, 48, 42, 40, 32
Yamada2003_JAK_STAT_pathway, 293, 2, 266, 595, 497, 789, 242, 6, 130, 239, 269, 3, 2, 348, 214, 571, 364, 99, 218, 282, 2, 279, 251, 164, 84, 122, 301, 264, 114, 146, 153, 77, 125, 66, 57
Yamada2003_JAK_STAT_SOCS1_knockout, 293, 0, 266, 595, 497, 789, 242, 5, 130, 239, 269, 1, 1, 348, 214, 571, 364, 99, 218, 282, 1, 279, 251, 164, 84, 122, 300, 264, 114, 145, 153, 77, 124, 66, 56
Suh2004_KCNQ_Regulation, 11, 0, 16, 12, 0, 11, 2, 5, 18, 3, 19, 0, 6, 14, 1, 10, 17, 3, 2, 20, 5, 15, 15, 19, 2, 17, 15, 14, 16, 15, 21, 21, 15, 21, 15
Goldbeter2006_weightCycling, 0, 3, 0, 0, 0, 0, 0, 2, 0, 0, 0, 3, 2, 0, 0, 0, 0, 0, 0, 0, 3, 0, 0, 0, 0, 0, 0, 0, 0, 0, 0, 0, 3, 3, 3
Thomsen1989_AdenylateCyclase, 0, 0, 0, 0, 1, 9, 2, 0, 0, 3, 0, 0, 0, 12, 1, 0, 12, 3, 2, 0, 0, 0, 0, 14, 2, 0, 8, 0, 0, 9, 10, 11, 7, 9, 8
Thomsen1988_AdenylateCyclase_Inhibition, 0, 0, 0, 0, 1, 9, 2, 0, 0, 3, 0, 0, 0, 12, 1, 0, 12, 3, 2, 0, 0, 0, 0, 14, 2, 0, 8, 0, 0, 9, 10, 11, 7, 9, 8
Leloup2003_CircClock_LD_REV-ERBalpha, 28, 19, 34, 76, 36, 60, 24, 20, 12, 30, 28, 11, 8, 22, 14, 152, 38, 10, 36, 102, 8, 62, 108, 14, 12, 38, 76, 126, 90, 31, 54, 19, 69, 51, 25
Hsp90model_basis510, 0, 0, 0, 0, 0, 0, 0, 0, 0, 0, 0, 0, 0, 0, 0, 0, 0, 0, 0, 0, 0, 0, 0, 0, 0, 0, 0, 0, 0, 0, 0, 0, 0, 0, 0
Fuentes2005_ZymogenActivation, 2, 0, 2, 0, 0, 0, 2, 0, 4, 2, 0, 0, 0, 1, 2, 0, 1, 4, 2, 0, 0, 0, 1, 4, 4, 3, 1, 0, 2, 4, 4, 6, 3, 4, 5
Maeda2006_MyosinPhosphorylation, 659, 1, 487, 1572, 1167, 1605, 1080, 30, 390, 1113, 1316, 2, 4, 736, 297, 1523, 789, 256, 1074, 1370, 4, 1331, 476, 452, 234, 371, 588, 1328, 364, 402, 433, 215, 358, 167, 152
Locke2006_CircClock_LL, 0, 21, 0, 0, 0, 0, 0, 22, 0, 0, 0, 17, 16, 0, 0, 8, 0, 0, 2, 2, 16, 6, 8, 0, 2, 6, 6, 18, 18, 5, 6, 5, 25, 24, 17
Wolf2001_Respiratory_Oscillations, 41, 15, 45, 64, 22, 100, 28, 19, 38, 24, 64, 10, 17, 102, 20, 34, 114, 15, 12, 48, 8, 38, 33, 99, 8, 29, 69, 24, 20, 64, 70, 52, 37, 33, 28
Goldbeter1990_CalciumSpike_CICR, 0, 0, 0, 0, 6, 0, 12, 0, 0, 12, 0, 0, 0, 0, 6, 8, 0, 6, 24, 6, 0, 6, 6, 0, 12, 3, 8, 10, 4, 6, 6, 3, 10, 4, 5
Laub1998_SpontaneousOscillations, 0, 10, 0, 0, 0, 0, 0, 6, 0, 0, 0, 10, 6, 0, 0, 0, 0, 0, 0, 0, 10, 0, 0, 0, 0, 0, 0, 0, 0, 0, 0, 0, 7, 7, 7
Rozi2003_GlycogenPhosphorylase_Activation, 2, 6, 3, 4, 6, 4, 12, 3, 2, 12, 3, 7, 2, 3, 6, 8, 4, 6, 12, 8, 3, 8, 7, 3, 6, 4, 9, 10, 6, 9, 9, 5, 12, 8, 7
Vilar2006_TGFbeta, 8, 0, 8, 32, 20, 20, 24, 0, 4, 24, 16, 0, 0, 14, 8, 46, 22, 8, 36, 36, 0, 26, 18, 10, 12, 10, 33, 42, 18, 17, 21, 9, 24, 12, 10
Haberichter2007_cellcycle, 2780, 10, 3110, 15167, 15527, 13484, 5686, 4, 750, 5664, 4139, 9, 2, 3387, 3183, 15676, 3459, 962, 5456, 4526, 2, 4457, 2922, 905, 910, 704, 3486, 4238, 618, 948, 969, 217, 856, 172, 183
Legewie2006_apoptosis_WT, 178, 0, 280, 371, 296, 209, 96, 0, 106, 225, 150, 0, 0, 91, 105, 421, 144, 75, 136, 208, 0, 165, 281, 60, 46, 107, 155, 176, 102, 61, 95, 36, 73, 39, 25
Legewie2006_apoptosis_NC, 544, 0, 721, 1848, 684, 588, 236, 0, 204, 490, 655, 0, 0, 232, 183, 1531, 378, 107, 292, 810, 0, 492, 766, 140, 62, 220, 346, 550, 232, 110, 195, 56, 132, 63, 35
Klipp2002_MetabolicOptimization_linearPathway(n=2), 0, 0, 0, 0, 0, 0, 0, 1, 0, 0, 0, 0, 2, 0, 0, 0, 0, 0, 0, 0, 2, 0, 0, 1, 0, 0, 0, 0, 0, 1, 1, 2, 0, 2, 2
Proctor2007_ubiquitine, 0, 0, 0, 0, 0, 0, 0, 0, 0, 0, 0, 0, 0, 0, 0, 0, 0, 0, 0, 0, 0, 0, 0, 0, 0, 0, 0, 0, 0, 0, 0, 0, 0, 0, 0
Novak1993_M_phase_control, 18, 10, 24, 60, 62, 60, 24, 7, 8, 36, 20, 7, 5, 20, 24, 95, 30, 12, 36, 54, 5, 37, 51, 10, 12, 17, 49, 56, 26, 19, 27, 9, 33, 18, 14
Kowald2006_SOD, 16, 2, 20, 15, 22, 20, 12, 2, 12, 18, 11, 2, 1, 14, 16, 52, 12, 12, 22, 20, 2, 32, 45, 8, 14, 27, 28, 46, 36, 16, 19, 11, 27, 17, 13
Yang2007_ArachidonicAcid, 26, 46, 25, 7, 0, 7, 0, 63, 16, 0, 7, 31, 34, 8, 0, 35, 7, 0, 0, 10, 41, 23, 35, 8, 0, 23, 14, 36, 38, 12, 14, 12, 24, 28, 16
Zeilinger2006_PRR7-PRR9-Y, 0, 30, 0, 0, 6, 0, 12, 24, 0, 12, 0, 19, 18, 0, 6, 24, 0, 6, 26, 24, 18, 18, 24, 0, 14, 12, 24, 38, 26, 18, 24, 12, 45, 32, 26
Zeilinger2006_PRR7-PRR9light-Y, 0, 32, 0, 0, 6, 0, 12, 25, 0, 12, 0, 20, 19, 0, 6, 24, 0, 6, 26, 24, 19, 18, 24, 0, 14, 12, 24, 38, 26, 18, 24, 12, 45, 32, 26
Zeilinger2006_PRR7-PRR9light-Yprime, 0, 32, 0, 0, 6, 0, 12, 25, 0, 12, 0, 20, 19, 0, 6, 24, 0, 6, 26, 24, 19, 18, 24, 0, 14, 12, 24, 38, 26, 18, 24, 12, 45, 32, 26
Somogyi1990_CaOscillations, 0, 0, 0, 0, 0, 0, 0, 0, 0, 4, 0, 0, 0, 0, 0, 0, 0, 4, 6, 0, 0, 0, 2, 0, 6, 2, 0, 0, 2, 0, 2, 2, 3, 3, 3
McClean2007_CrossTalk, 4, 2, 4, 0, 4, 4, 4, 0, 4, 4, 0, 2, 0, 4, 4, 4, 4, 4, 4, 0, 2, 4, 4, 4, 4, 4, 8, 4, 4, 8, 6, 6, 10, 8, 8
Somogyi1990_CaOscillations_SingleCaSpike, 0, 0, 0, 0, 4, 0, 6, 0, 0, 8, 0, 0, 0, 0, 4, 6, 0, 4, 12, 6, 0, 5, 6, 0, 6, 3, 6, 8, 4, 5, 6, 3, 8, 4, 4
Clarke2006_Smad_signalling, 0, 1, 0, 0, 0, 10, 0, 1, 0, 0, 0, 0, 1, 11, 0, 0, 10, 0, 0, 0, 1, 0, 0, 11, 0, 0, 9, 0, 0, 10, 9, 10, 8, 9, 9
Dupont1992_Ca_dpt_protein_phospho, 0, 0, 0, 0, 6, 0, 12, 0, 0, 12, 0, 0, 1, 0, 6, 8, 0, 6, 24, 6, 1, 6, 6, 0, 12, 3, 8, 10, 4, 6, 6, 3, 10, 4, 6
Sedaghat2002_InsulinSignalling_noFeedback, 9, 4, 10, 10, 9, 9, 0, 4, 8, 9, 8, 2, 4, 9, 9, 10, 12, 11, 12, 8, 4, 9, 10, 10, 14, 9, 12, 10, 10, 11, 13, 17, 16, 19, 18
Fisher2006_Ca_Oscillation_dpdnt_NFAT_dynamics, 32, 0, 30, 48, 46, 71, 34, 0, 26, 38, 37, 0, 0, 56, 52, 34, 58, 44, 30, 34, 0, 27, 26, 43, 36, 23, 48, 24, 20, 35, 36, 27, 28, 22, 22
Fisher2006_NFAT_Activation, 32, 0, 30, 48, 46, 71, 34, 0, 26, 38, 37, 0, 0, 56, 52, 34, 58, 44, 30, 34, 0, 27, 26, 43, 36, 23, 48, 24, 20, 35, 36, 27, 28, 22, 22
Chan2004_TCell_receptor_activation, 0, 4, 0, 0, 12, 0, 8, 5, 0, 11, 0, 4, 2, 0, 8, 20, 0, 5, 14, 16, 2, 14, 17, 0, 6, 8, 14, 22, 12, 10, 13, 6, 16, 9, 7
Clancy2001_Kchannel, 1, 0, 1, 1, 0, 1, 0, 0, 2, 0, 2, 0, 0, 3, 2, 1, 3, 2, 0, 2, 0, 2, 1, 4, 2, 2, 3, 2, 2, 4, 4, 5, 4, 5, 5
Hoffmann2002_KnockOut_IkBNFkB_Signaling, 186, 6, 201, 726, 759, 639, 414, 13, 108, 450, 426, 5, 4, 246, 174, 801, 318, 81, 440, 540, 4, 519, 225, 120, 74, 123, 285, 564, 138, 126, 138, 49, 133, 53, 41
Tabak2007_dopamine, 0, 0, 0, 0, 0, 0, 0, 0, 0, 0, 0, 0, 0, 0, 0, 0, 0, 0, 0, 0, 0, 0, 0, 0, 0, 0, 0, 0, 0, 0, 0, 0, 0, 0, 1
Bertram2006_Endothelin, 0, 0, 0, 0, 0, 0, 0, 0, 0, 0, 0, 0, 0, 0, 0, 0, 0, 0, 0, 0, 0, 0, 0, 0, 0, 0, 0, 0, 0, 0, 0, 0, 0, 0, 3
Golomb2006_SomaticBursting_nonzeroCa], 0, 0, 0, 0, 0, 0, 0, 0, 0, 0, 0, 0, 0, 0, 0, 0, 0, 0, 0, 0, 0, 0, 0, 0, 0, 0, 0, 0, 0, 0, 0, 0, 0, 0, 1
Dupont1991_CaOscillation, 0, 0, 0, 0, 6, 0, 12, 0, 0, 12, 0, 0, 0, 0, 6, 8, 0, 6, 24, 6, 0, 6, 6, 0, 12, 3, 8, 10, 4, 6, 6, 3, 10, 4, 5
Clancy2002_CardiacSodiumChannel_WT, 8, 0, 8, 10, 8, 19, 6, 0, 6, 6, 8, 0, 0, 18, 5, 10, 18, 4, 6, 8, 0, 8, 8, 14, 4, 6, 18, 8, 6, 14, 14, 11, 14, 11, 11
Komarova2005_TheoreticalFramework_BasicArchitecture, 0, 2, 0, 0, 0, 0, 0, 4, 0, 0, 0, 4, 4, 0, 0, 0, 0, 0, 2, 0, 4, 0, 0, 0, 2, 0, 0, 0, 0, 0, 0, 0, 4, 3, 4
Wu2006_K+Channel, 0, 0, 0, 0, 0, 0, 0, 0, 0, 0, 0, 0, 0, 0, 0, 0, 0, 0, 0, 0, 0, 0, 0, 0, 0, 0, 0, 0, 0, 0, 0, 0, 0, 0, 2
Novak2001_FissionYeast_CellCycle, 0, 13, 0, 0, 0, 0, 0, 10, 0, 0, 0, 11, 7, 0, 0, 0, 0, 0, 0, 0, 15, 0, 0, 0, 0, 0, 0, 4, 4, 0, 0, 0, 10, 10, 9
Qu2003_CellCycle, 4, 20, 1, 3, 0, 4, 0, 6, 2, 0, 5, 9, 8, 6, 2, 7, 7, 2, 0, 8, 10, 9, 7, 6, 2, 9, 10, 16, 16, 9, 10, 9, 18, 18, 13
Olsen2003_neutrophil_oscillatory_metabolism, 80, 0, 83, 62, 36, 59, 40, 0, 78, 37, 76, 0, 0, 69, 59, 52, 70, 46, 28, 62, 0, 67, 60, 72, 28, 58, 50, 46, 38, 53, 53, 46, 35, 29, 28
Calzone2007_CellCycle, 0, 62, 0, 0, 68, 0, 32, 77, 0, 38, 0, 66, 32, 0, 30, 104, 0, 14, 88, 56, 41, 44, 56, 0, 32, 20, 58, 124, 56, 26, 32, 12, 72, 35, 31
Komarova2003_BoneRemodeling, 0, 4, 0, 0, 0, 0, 0, 4, 0, 0, 0, 4, 4, 0, 0, 0, 0, 0, 0, 0, 6, 0, 0, 0, 0, 0, 0, 0, 0, 0, 0, 0, 3, 3, 3
Kim2007_Wnt_ERK_Crosstalk, 0, 0, 0, 0, 0, 0, 0, 0, 0, 0, 0, 0, 0, 0, 0, 0, 0, 0, 0, 0, 0, 0, 0, 0, 0, 0, 0, 0, 0, 0, 0, 0, 0, 0, 0
Fernandez2006_ModelB, 2133, 0, 2522, 11416, 12982, 12168, 9286, 0, 774, 9150, 4554, 0, 0, 3490, 2544, 11775, 3175, 1630, 8962, 5000, 0, 5070, 2085, 1132, 1594, 666, 3119, 4812, 560, 1214, 1200, 298, 1084, 204, 246
Morris2002_CellCycle_CDK2Cyclin, 0, 0, 0, 0, 0, 0, 0, 0, 0, 0, 0, 0, 0, 0, 0, 0, 0, 0, 0, 0, 0, 0, 0, 2, 0, 0, 0, 0, 0, 1, 2, 3, 1, 3, 2
Singh2006_IL6_Signal_Transduction, 171, 3, 177, 311, 319, 458, 258, 4, 118, 267, 222, 2, 4, 313, 135, 266, 316, 112, 252, 222, 4, 221, 147, 212, 106, 101, 252, 206, 88, 193, 195, 123, 167, 96, 99
Wang2007_ATP_induced_Ca_Oscillation, 0, 0, 0, 0, 0, 0, 0, 0, 0, 0, 0, 0, 0, 0, 0, 0, 0, 0, 0, 0, 0, 0, 0, 0, 0, 0, 0, 0, 0, 0, 0, 0, 0, 0, 0
Hatakeyama2003_MAPK, 7, 26, 17, 31, 43, 49, 40, 39, 20, 41, 40, 27, 29, 46, 22, 31, 52, 17, 40, 50, 29, 50, 17, 41, 16, 20, 52, 50, 20, 55, 57, 42, 52, 39, 37
ODea2007_IkappaB, 213, 3, 228, 834, 831, 720, 452, 2, 114, 486, 477, 4, 1, 276, 201, 880, 360, 93, 486, 612, 1, 550, 273, 138, 94, 135, 331, 602, 156, 142, 168, 55, 155, 62, 47
Fernandez2006_ModelA, 1222, 0, 1497, 5320, 5431, 6032, 5294, 0, 518, 5244, 2460, 0, 0, 2068, 1301, 5549, 1852, 1061, 5170, 2782, 0, 2807, 1227, 754, 1044, 438, 1827, 2672, 360, 824, 819, 235, 733, 161, 194
Hoffmann2002_WT_IkBNFkB_Signaling, 186, 6, 201, 726, 759, 639, 414, 13, 108, 450, 426, 5, 4, 246, 174, 801, 318, 81, 440, 540, 4, 519, 225, 120, 74, 123, 285, 564, 138, 126, 138, 49, 133, 53, 41
Schmierer_2008_Smad_Tgfb, 90, 0, 84, 130, 0, 30, 10, 0, 84, 14, 96, 0, 0, 34, 19, 72, 54, 29, 10, 90, 0, 66, 84, 48, 22, 76, 32, 60, 68, 34, 46, 42, 32, 38, 30
Birtwistle2007_ErbB_Signalling, 988, 243, 1413, 1101, 898, 706, 752, 289, 1830, 1190, 1488, 249, 211, 723, 678, 1029, 666, 708, 608, 1032, 142, 1129, 1072, 423, 364, 1151, 570, 636, 630, 318, 345, 270, 213, 168, 155
Del_Conte_Zerial2008_Rab5_Rab7_cut_out_switch, 0, 6, 0, 0, 10, 0, 12, 3, 0, 13, 0, 4, 2, 0, 10, 10, 0, 7, 20, 12, 4, 13, 10, 0, 10, 7, 12, 20, 10, 11, 11, 6, 16, 8, 8
Xie2007_CircClock, 14, 27, 15, 40, 30, 27, 18, 27, 8, 24, 26, 23, 24, 16, 15, 51, 22, 9, 24, 46, 24, 32, 37, 14, 10, 17, 37, 38, 20, 21, 29, 12, 40, 28, 25
Zatorsky2006_p53_Model1, 0, 3, 0, 0, 0, 0, 0, 1, 0, 0, 0, 2, 1, 0, 0, 0, 0, 0, 0, 0, 2, 0, 0, 0, 0, 0, 1, 2, 2, 1, 1, 1, 4, 4, 3
Zatorsky2006_p53_Model4, 0, 3, 0, 0, 0, 0, 0, 1, 0, 0, 0, 2, 1, 0, 0, 0, 0, 0, 0, 0, 2, 0, 0, 0, 0, 0, 1, 2, 2, 1, 1, 1, 4, 4, 3
Zatorsky2006_p53_Model5, 0, 2, 0, 0, 0, 0, 0, 1, 0, 0, 0, 2, 1, 0, 0, 0, 0, 0, 0, 0, 2, 0, 0, 0, 0, 0, 0, 0, 0, 0, 0, 1, 3, 3, 3
Zatorsky2006_p53_Model2, 0, 3, 0, 0, 0, 0, 0, 1, 0, 0, 0, 2, 1, 0, 0, 0, 0, 0, 0, 0, 2, 0, 0, 0, 0, 0, 1, 2, 2, 1, 1, 1, 4, 4, 3
Weimann2004_CircadianOscillator, 2, 2, 4, 8, 11, 6, 8, 4, 2, 10, 4, 2, 2, 3, 6, 23, 4, 4, 14, 20, 2, 14, 18, 2, 6, 8, 17, 24, 14, 10, 14, 6, 20, 13, 10
Aguda1999_CellCycle, 14, 16, 5, 13, 30, 28, 32, 18, 4, 35, 11, 16, 11, 21, 14, 32, 21, 12, 68, 48, 8, 38, 19, 13, 26, 15, 33, 80, 32, 27, 30, 15, 48, 22, 21
Obeyesekere1999_CellCycle, 0, 11, 0, 0, 0, 0, 0, 9, 0, 0, 0, 12, 7, 0, 0, 0, 0, 0, 0, 2, 18, 0, 0, 0, 0, 0, 2, 2, 2, 1, 2, 1, 6, 6, 5
Mayya2005_STATmodule, 2, 0, 2, 0, 0, 0, 0, 1, 10, 0, 0, 0, 3, 1, 1, 0, 1, 8, 0, 0, 2, 0, 2, 2, 8, 10, 1, 0, 8, 2, 2, 8, 2, 7, 8
Leloup1998_CircClock_LD, 18, 4, 22, 38, 20, 30, 12, 6, 8, 16, 16, 4, 4, 12, 10, 75, 18, 6, 20, 56, 4, 33, 61, 8, 8, 23, 39, 58, 42, 17, 29, 11, 33, 23, 14
Pritchard2002_glycolysis, 162, 0, 143, 320, 312, 236, 194, 8, 98, 175, 239, 1, 4, 208, 124, 323, 180, 63, 100, 180, 2, 193, 135, 131, 36, 73, 165, 104, 40, 99, 89, 52, 53, 29, 32
SmithAE2002_RanTransport, 56, 8, 54, 44, 46, 63, 50, 33, 52, 46, 42, 9, 26, 66, 65, 44, 68, 60, 50, 38, 14, 42, 50, 62, 60, 46, 54, 36, 40, 56, 52, 46, 46, 36, 39
Zi2007_TGFbeta_signaling, 37, 3, 28, 97, 88, 104, 130, 1, 18, 106, 55, 2, 1, 69, 42, 117, 77, 42, 130, 66, 2, 75, 49, 44, 50, 27, 90, 74, 26, 57, 54, 29, 55, 27, 28
Zhu2007_TF_modulated_by_Calcium, 0, 0, 0, 0, 6, 0, 12, 0, 0, 12, 0, 0, 0, 0, 6, 8, 0, 6, 26, 6, 0, 6, 6, 0, 14, 3, 8, 10, 4, 6, 6, 3, 12, 5, 7
Saucerman2006_PKA, 53, 6, 38, 47, 33, 74, 46, 10, 38, 48, 52, 11, 7, 70, 24, 44, 74, 24, 42, 56, 7, 54, 42, 66, 20, 38, 57, 52, 36, 59, 60, 50, 50, 43, 37
Eungdamrong2007_Ras_Activation, 59, 6, 64, 64, 77, 93, 46, 18, 90, 48, 40, 12, 19, 54, 39, 88, 51, 28, 48, 56, 17, 55, 74, 40, 28, 101, 66, 56, 102, 48, 56, 53, 51, 54, 42
Zatorsky2006_p53_Model3, 0, 3, 0, 0, 0, 0, 0, 1, 0, 0, 0, 2, 1, 0, 0, 0, 0, 0, 0, 0, 2, 0, 0, 0, 0, 0, 0, 2, 2, 0, 0, 0, 3, 3, 2
Zatorsky2006_p53_Model6, 0, 2, 0, 0, 0, 0, 0, 1, 0, 0, 0, 2, 1, 0, 0, 0, 0, 0, 0, 0, 2, 0, 0, 0, 0, 0, 0, 0, 0, 0, 0, 0, 2, 2, 2
Hernjak2005_Calcium_Signaling, 0, 70, 52, 56, 0, 0, 0, 0, 76, 0, 98, 16, 10, 0, 12, 56, 8, 12, 0, 112, 34, 98, 70, 14, 12, 112, 8, 114, 140, 14, 36, 28, 28, 54, 19
Kim2007_CellularMemory_AsymmetricModel, 0, 8, 0, 0, 0, 0, 0, 8, 0, 0, 0, 12, 8, 0, 0, 0, 0, 0, 8, 0, 8, 0, 0, 0, 8, 0, 0, 0, 0, 0, 0, 0, 10, 7, 10
Kim2007_CellularMemory_SymmetricModel, 0, 10, 0, 0, 0, 0, 0, 10, 0, 0, 0, 18, 10, 0, 0, 0, 0, 0, 12, 0, 10, 0, 0, 0, 12, 0, 0, 0, 0, 0, 0, 0, 12, 8, 12
Sriram2007_CellCycle, 0, 12, 0, 0, 0, 0, 0, 12, 0, 0, 0, 24, 12, 0, 0, 0, 0, 0, 18, 0, 12, 0, 0, 0, 18, 0, 0, 0, 0, 0, 0, 0, 12, 6, 12
Neves2008 - Role of cell shape and size in controlling intracellular signalling, 50, 8, 30, 41, 8, 32, 32, 28, 50, 33, 108, 11, 19, 34, 28, 37, 47, 23, 28, 116, 19, 108, 50, 50, 20, 66, 36, 108, 66, 51, 58, 45, 47, 43, 34
Locke2008_Circadian_Clock, 0, 8, 0, 0, 0, 0, 0, 8, 0, 0, 0, 16, 8, 0, 0, 0, 0, 0, 12, 0, 8, 0, 0, 0, 12, 0, 0, 0, 0, 0, 0, 0, 12, 8, 12
Lavrentovich2008_Ca_Oscillations, 0, 3, 0, 0, 4, 0, 6, 3, 0, 8, 0, 4, 2, 0, 4, 6, 0, 4, 12, 6, 2, 5, 6, 0, 6, 3, 6, 8, 4, 5, 6, 3, 9, 5, 5
Conant2007_WGD_glycolysis_2A3AB, 162, 0, 143, 320, 312, 236, 194, 8, 98, 175, 239, 1, 4, 208, 124, 323, 180, 63, 100, 180, 2, 193, 135, 131, 36, 73, 165, 104, 40, 99, 89, 52, 53, 29, 32
Conant2007_glycolysis_2C, 168, 4, 150, 342, 312, 257, 194, 8, 102, 175, 245, 5, 8, 216, 124, 335, 192, 63, 100, 184, 4, 196, 139, 135, 36, 76, 172, 106, 42, 102, 92, 55, 55, 31, 35
Lebeda2008_BoTN_Paralysis_4stepModel, 0, 0, 0, 0, 0, 1, 0, 0, 0, 0, 0, 0, 0, 2, 0, 0, 2, 0, 0, 0, 0, 0, 0, 3, 0, 0, 2, 0, 0, 3, 3, 4, 3, 4, 4
Stefan2008_calmodulin_allostery, 0, 0, 0, 0, 0, 0, 0, 0, 0, 0, 0, 0, 0, 0, 0, 0, 0, 0, 0, 0, 0, 0, 0, 0, 0, 0, 0, 0, 0, 0, 0, 0, 0, 0, 0
Ibrahim2008_MCC_assembly_model_KDM, 17, 0, 16, 12, 5, 6, 6, 0, 16, 8, 14, 0, 0, 14, 4, 15, 15, 4, 4, 16, 0, 16, 18, 16, 2, 15, 14, 12, 12, 15, 17, 14, 11, 11, 8
Tyson2001_Cell_Cycle_Regulation, 0, 9, 0, 0, 0, 0, 0, 9, 0, 0, 0, 11, 7, 0, 0, 0, 0, 0, 0, 0, 16, 0, 0, 0, 0, 0, 0, 14, 14, 0, 0, 0, 12, 12, 8
Ibrahim2008_Cdc20_Sequestring_Template_Model, 0, 0, 0, 0, 0, 0, 0, 0, 0, 0, 0, 0, 0, 6, 0, 0, 6, 0, 0, 0, 0, 0, 0, 9, 0, 0, 4, 0, 0, 8, 8, 8, 5, 5, 5
Montañez2008_Arginine_catabolism, 0, 7, 0, 2, 0, 0, 0, 2, 0, 0, 1, 2, 1, 0, 0, 2, 2, 0, 0, 4, 4, 1, 2, 1, 0, 1, 2, 4, 4, 1, 4, 2, 4, 5, 2
Görlich2003_RanGTP_gradient, 4, 0, 2, 1, 0, 8, 0, 1, 4, 0, 2, 0, 3, 11, 4, 1, 11, 6, 0, 2, 2, 2, 2, 16, 6, 4, 8, 2, 4, 12, 12, 15, 9, 12, 12
Proctor2008_p53_Mdm2_ATM, 0, 0, 0, 0, 0, 0, 0, 0, 0, 0, 0, 0, 0, 0, 0, 0, 0, 0, 0, 0, 0, 0, 0, 0, 0, 0, 0, 0, 0, 0, 0, 0, 0, 0, 0
Ibrahim2008 - Mitotic Spindle Assembly Checkpoint - Convey variant, 28, 0, 26, 23, 12, 25, 10, 0, 26, 12, 23, 0, 0, 30, 10, 26, 35, 9, 8, 26, 0, 27, 27, 29, 6, 24, 27, 22, 20, 24, 26, 21, 18, 16, 13
Ibrahim2008 - Mitotic Spindle Assembly Checkpoint - Dissociation variant, 26, 0, 26, 19, 7, 14, 8, 0, 26, 11, 20, 0, 0, 20, 7, 22, 24, 7, 6, 24, 0, 25, 27, 22, 4, 24, 20, 20, 20, 22, 25, 20, 17, 16, 12
Bray1995_chemotaxis_receptorlinkedcomplex, 528, 0, 664, 824, 585, 630, 380, 0, 342, 439, 497, 0, 0, 365, 512, 670, 320, 291, 262, 368, 0, 429, 440, 200, 192, 231, 301, 238, 124, 175, 163, 84, 106, 47, 59
Stone1996_NOsGC, 6, 0, 6, 0, 0, 1, 0, 0, 6, 0, 0, 0, 0, 3, 0, 0, 5, 0, 0, 0, 0, 0, 6, 8, 0, 6, 3, 0, 6, 5, 8, 10, 5, 10, 7
Santolini2001_nNOS_Mechanism_Regulation, 31, 0, 34, 7, 5, 16, 6, 0, 44, 6, 12, 0, 0, 22, 15, 5, 22, 20, 4, 6, 0, 8, 19, 31, 12, 28, 14, 4, 16, 20, 19, 27, 12, 16, 17
Bartholome2007_MDCKII, 24, 0, 34, 45, 47, 19, 32, 0, 20, 32, 42, 0, 0, 24, 30, 81, 15, 14, 32, 60, 0, 60, 42, 14, 14, 24, 33, 60, 24, 22, 22, 10, 22, 10, 10
Srividhya2006_CellCycle, 2, 10, 2, 1, 2, 4, 2, 10, 2, 3, 1, 10, 9, 5, 3, 2, 6, 3, 2, 2, 10, 3, 3, 4, 2, 3, 6, 4, 4, 12, 12, 11, 13, 12, 12
Rodriguez-Caso2006_Polyamine_Metabolism, 16, 13, 20, 28, 16, 43, 14, 19, 16, 20, 19, 12, 11, 33, 17, 22, 40, 15, 14, 22, 9, 21, 22, 26, 10, 17, 32, 18, 14, 23, 29, 19, 21, 17, 13
Proctor2008_p53_Mdm2_ARF, 0, 0, 0, 0, 0, 0, 0, 0, 0, 0, 0, 0, 0, 0, 0, 0, 0, 0, 0, 0, 0, 0, 0, 0, 0, 0, 0, 0, 0, 0, 0, 0, 0, 0, 0
ChenXF2008_CICR, 0, 8, 0, 0, 2, 0, 4, 11, 0, 4, 0, 7, 7, 0, 2, 5, 0, 2, 8, 6, 8, 5, 5, 0, 4, 3, 6, 10, 6, 6, 7, 4, 14, 10, 9
Chickarmane2006 - Stem cell switch reversible, 2, 7, 2, 2, 0, 0, 0, 16, 4, 0, 4, 7, 10, 2, 20, 2, 2, 20, 0, 4, 10, 4, 2, 8, 20, 4, 2, 4, 4, 7, 8, 11, 7, 11, 10
Goldbeter2008_Somite_Segmentation_Clock_Notch_Wnt_FGF, 1, 13, 0, 3, 2, 1, 6, 24, 0, 9, 2, 12, 20, 1, 2, 9, 3, 5, 20, 8, 21, 6, 7, 2, 14, 4, 9, 12, 8, 6, 10, 7, 25, 20, 20
Chickarmane2006 - Stem cell switch irreversible, 2, 7, 2, 2, 0, 0, 0, 16, 4, 0, 4, 7, 10, 2, 20, 2, 2, 20, 0, 4, 10, 4, 2, 8, 20, 4, 2, 4, 4, 7, 8, 11, 7, 11, 10
Ung2008_EGFR_Endocytosis, 986, 0, 848, 2276, 2169, 2556, 1712, 0, 616, 1704, 1714, 0, 0, 1387, 718, 2168, 1369, 509, 1648, 1740, 0, 1745, 806, 813, 484, 587, 1110, 1662, 558, 726, 735, 385, 620, 300, 290
Bruggeman2005_AmmoniumAssimilation, 53, 39, 55, 35, 9, 13, 24, 38, 64, 24, 51, 27, 44, 28, 24, 17, 38, 36, 12, 30, 25, 27, 33, 61, 20, 40, 21, 14, 20, 39, 41, 46, 22, 25, 26
Hong2009_CircadianClock, 22, 28, 26, 44, 20, 24, 18, 7, 8, 26, 23, 16, 4, 13, 17, 95, 12, 15, 32, 76, 8, 37, 74, 7, 18, 26, 39, 76, 44, 15, 26, 9, 28, 15, 11
Schulz2009_Th1_differentiation, 0, 8, 0, 0, 0, 0, 0, 11, 0, 0, 0, 10, 11, 0, 0, 0, 0, 0, 6, 0, 11, 0, 0, 0, 6, 0, 0, 0, 0, 0, 0, 0, 8, 6, 8
Singh2006_TCA_Ecoli_acetate, 8, 2, 11, 5, 4, 17, 4, 0, 12, 5, 5, 1, 1, 19, 6, 5, 18, 9, 4, 4, 1, 5, 7, 18, 6, 9, 15, 4, 6, 16, 15, 18, 13, 13, 14
Singh2006_TCA_Ecoli_glucose, 8, 2, 11, 5, 4, 17, 4, 0, 12, 5, 5, 1, 1, 19, 6, 5, 18, 9, 4, 4, 1, 5, 7, 18, 6, 9, 15, 4, 6, 16, 15, 18, 13, 13, 14
Borisov2009_EGF_Insulin_Crosstalk, 590, 103, 609, 1220, 1683, 1503, 1418, 170, 316, 1386, 836, 75, 64, 711, 654, 1265, 680, 446, 1412, 874, 52, 895, 531, 358, 448, 283, 647, 852, 244, 366, 358, 165, 328, 130, 144
Wolf2000_Glycolytic_Oscillations, 6, 0, 5, 8, 8, 30, 6, 0, 6, 8, 8, 0, 0, 23, 5, 7, 27, 5, 6, 10, 0, 7, 6, 19, 4, 6, 22, 8, 6, 16, 18, 13, 15, 12, 11
Romond1999_CellCycle, 0, 0, 0, 0, 0, 0, 0, 4, 0, 0, 0, 0, 2, 0, 0, 0, 0, 0, 0, 0, 4, 0, 0, 0, 0, 0, 0, 4, 4, 0, 0, 0, 4, 4, 2
Deineko2003_CellCycle, 0, 8, 0, 0, 2, 0, 6, 9, 0, 4, 0, 7, 6, 0, 2, 7, 0, 2, 14, 4, 6, 5, 5, 0, 8, 3, 7, 10, 6, 5, 5, 3, 14, 9, 9
Albert2005_Glycolysis, 42, 6, 43, 72, 45, 107, 48, 9, 28, 47, 63, 5, 6, 97, 31, 51, 103, 24, 26, 50, 3, 44, 37, 89, 14, 23, 74, 26, 14, 65, 67, 48, 39, 31, 30
Curien2009_Aspartate_Metabolism, 35, 21, 17, 23, 6, 35, 18, 34, 18, 18, 24, 10, 27, 30, 4, 23, 30, 16, 18, 24, 30, 24, 35, 20, 16, 34, 30, 24, 34, 20, 20, 18, 20, 18, 18
Akman2008_Circadian_Clock_Model2, 4, 11, 0, 5, 0, 5, 0, 15, 0, 0, 4, 10, 10, 4, 0, 11, 5, 0, 0, 8, 10, 7, 11, 4, 0, 7, 11, 14, 14, 7, 11, 7, 19, 19, 12
Nijhout2004_Folate_Cycle, 30, 0, 18, 102, 129, 99, 72, 26, 10, 72, 42, 0, 10, 57, 48, 126, 60, 24, 72, 54, 10, 54, 42, 24, 24, 18, 72, 54, 18, 30, 30, 12, 30, 12, 12
Albeck2008_extrinsic_apoptosis, 38, 0, 32, 56, 79, 91, 100, 0, 46, 102, 75, 0, 0, 85, 40, 50, 110, 41, 100, 90, 0, 82, 32, 97, 40, 46, 81, 82, 46, 88, 97, 79, 76, 67, 54
Singh2006_TCA_mtu_model1, 42, 4, 44, 38, 23, 37, 24, 0, 32, 23, 30, 1, 1, 36, 22, 38, 35, 23, 22, 24, 1, 30, 36, 30, 20, 28, 30, 24, 20, 28, 25, 23, 23, 17, 19
Chickarmane2008 - Stem cell lineage determination, 0, 14, 0, 0, 0, 0, 0, 17, 0, 0, 0, 14, 17, 0, 30, 0, 0, 30, 0, 0, 17, 0, 0, 6, 30, 0, 0, 0, 0, 6, 6, 12, 6, 12, 12
Chickarmane2008 - Stem cell lineage - NANOG GATA-6 switch, 0, 11, 0, 0, 0, 0, 0, 14, 0, 0, 0, 11, 14, 0, 30, 0, 0, 30, 0, 0, 14, 0, 0, 6, 30, 0, 0, 0, 0, 6, 6, 12, 6, 12, 12
Singh2006_TCA_mtu_model2, 33, 4, 33, 26, 18, 30, 22, 0, 28, 21, 22, 1, 1, 31, 19, 26, 30, 23, 20, 16, 1, 22, 27, 27, 20, 24, 25, 16, 16, 25, 22, 22, 20, 16, 18
Westermark2003_Pancreatic_GlycOsc_basic, 0, 0, 0, 0, 0, 0, 0, 1, 0, 0, 0, 0, 1, 1, 0, 0, 1, 0, 0, 0, 1, 0, 0, 2, 0, 0, 1, 0, 0, 2, 2, 3, 2, 3, 3
Meyer1991_CalciumSpike_ICC, 0, 5, 0, 0, 0, 0, 0, 4, 0, 0, 0, 5, 4, 0, 0, 0, 0, 0, 0, 0, 5, 0, 0, 0, 0, 0, 0, 0, 0, 2, 2, 2, 4, 4, 4
Radulescu2008_NFkB_hierarchy_M_14_25_28_Lipniacky, 32, 7, 36, 52, 32, 44, 36, 7, 34, 36, 56, 6, 4, 40, 13, 52, 46, 13, 36, 64, 4, 62, 36, 38, 14, 34, 42, 62, 34, 40, 42, 29, 39, 28, 27
Wilhelm2009_BistableReaction, 2, 0, 6, 1, 1, 0, 8, 0, 8, 6, 13, 0, 0, 4, 8, 3, 1, 7, 6, 14, 0, 13, 7, 7, 6, 10, 6, 10, 8, 10, 9, 7, 8, 6, 6
Kuhn2009_EndoMesodermNetwork, 6670, 65295, 38899, 12856940, 24764987, 86878, 23263346, 729, 32272, 23263352, 11567062, 129563, 704, 75122, 144015, 12864104, 108602, 129310, 23263352, 11599352, 1066, 11599340, 39442, 64895, 129310, 32278, 140837, 11599352, 32284, 65297, 65303, 805, 65288, 793, 790
Ihekwaba2004_NFkB_Sensitivity, 888, 7, 1102, 4107, 5583, 4065, 2354, 13, 346, 2357, 1299, 8, 8, 1119, 1338, 4272, 1170, 499, 2312, 1464, 4, 1455, 948, 337, 484, 297, 1140, 1386, 240, 360, 366, 101, 324, 79, 86
Ma2002_cAMP_oscillations, 0, 10, 0, 0, 0, 0, 0, 6, 0, 0, 0, 10, 6, 0, 0, 0, 0, 0, 0, 0, 10, 0, 0, 0, 0, 0, 0, 0, 0, 0, 0, 0, 7, 7, 7
Valero2006_Adenine_TernaryCycle, 1, 0, 1, 0, 0, 1, 0, 0, 2, 0, 1, 0, 0, 5, 0, 0, 5, 0, 0, 2, 0, 2, 1, 6, 0, 2, 4, 2, 2, 6, 6, 7, 5, 6, 5
Nazaret2009_TCA_RC_ATP, 74, 0, 83, 102, 51, 136, 52, 0, 58, 54, 92, 0, 0, 118, 50, 52, 134, 41, 24, 72, 0, 48, 50, 107, 18, 35, 77, 30, 20, 61, 66, 44, 30, 21, 20
Radulescu2008_NFkB_hierarchy_M_39_65_90, 155, 18, 144, 227, 129, 191, 100, 13, 108, 115, 162, 13, 12, 143, 56, 208, 172, 51, 100, 172, 12, 158, 144, 115, 46, 108, 138, 158, 108, 100, 111, 78, 95, 73, 66
Swat2004_Mammalian_G1_S_Transition, 2, 44, 4, 8, 12, 6, 10, 37, 2, 12, 4, 34, 20, 3, 7, 27, 4, 5, 18, 24, 24, 17, 22, 2, 8, 10, 21, 30, 18, 13, 18, 8, 26, 17, 13
Bai2003_G1phaseRegulation, 0, 20, 0, 2, 4, 2, 6, 13, 0, 8, 2, 24, 9, 2, 4, 6, 2, 4, 12, 8, 19, 5, 6, 2, 6, 3, 8, 8, 4, 6, 8, 4, 12, 8, 8
Neumann2010_CD95Stimulation_NFkB_Apoptosis, 97, 0, 99, 70, 19, 33, 10, 0, 86, 29, 58, 0, 0, 28, 19, 35, 74, 29, 16, 60, 0, 29, 97, 50, 16, 81, 37, 30, 74, 25, 58, 42, 31, 41, 23
Veening2008_DegU_Regulation, 2, 6, 4, 8, 10, 6, 6, 5, 2, 8, 4, 4, 4, 3, 5, 19, 4, 3, 10, 16, 4, 11, 14, 2, 4, 6, 13, 18, 10, 7, 10, 4, 15, 10, 8
Westermark2003_Pancreatic_GlycOsc_extended, 0, 0, 0, 0, 0, 1, 0, 3, 0, 0, 0, 0, 3, 1, 0, 0, 2, 0, 0, 0, 4, 0, 0, 2, 0, 0, 2, 0, 0, 2, 3, 3, 3, 4, 3
Schaber2006_Pheromone_Starvation_Crosstalk, 49, 9, 59, 83, 64, 106, 62, 12, 54, 58, 84, 11, 9, 84, 48, 81, 81, 34, 56, 104, 9, 106, 53, 64, 32, 50, 81, 100, 46, 71, 73, 47, 61, 40, 37
Jiang2007 - GSIS system, Pancreatic Beta Cells, 411, 3, 415, 553, 324, 755, 252, 9, 298, 245, 428, 4, 6, 583, 231, 334, 559, 152, 124, 238, 3, 261, 232, 419, 74, 164, 318, 128, 80, 239, 234, 162, 119, 82, 80
Lei2001_Yeast_Aerobic_Metabolism, 35, 32, 32, 35, 29, 18, 30, 34, 28, 32, 34, 29, 29, 18, 49, 35, 24, 52, 32, 26, 20, 34, 39, 23, 52, 36, 24, 26, 32, 23, 24, 20, 23, 21, 19
Kotte2010_Ecoli_Metabolic_Adaption, 107, 306, 71, 392, 192, 268, 58, 232, 20, 100, 110, 183, 126, 78, 51, 448, 147, 26, 98, 230, 205, 135, 221, 42, 26, 66, 164, 236, 118, 53, 92, 30, 120, 81, 57
Chen2009_ErbB_Signaling, 0, 0, 0, 0, 0, 0, 0, 0, 0, 0, 0, 0, 0, 0, 0, 0, 0, 0, 0, 0, 0, 0, 0, 0, 0, 0, 0, 0, 0, 0, 0, 0, 0, 0, 0
Teusink1998_Glycolysis_TurboDesign, 1, 0, 5, 2, 0, 2, 0, 1, 6, 0, 8, 0, 1, 6, 0, 1, 6, 0, 0, 12, 1, 6, 5, 7, 0, 6, 6, 6, 6, 6, 11, 7, 6, 7, 4
Restif2006_Whooping_Cough, 24, 16, 14, 60, 40, 54, 26, 19, 6, 31, 26, 4, 9, 24, 14, 68, 38, 11, 40, 42, 13, 30, 41, 16, 14, 17, 42, 48, 28, 18, 27, 11, 30, 19, 12
Lai2007_O2_Transport_Metabolism, 0, 0, 1, 0, 1, 2, 2, 4, 2, 4, 1, 0, 4, 3, 3, 0, 3, 4, 2, 2, 4, 3, 2, 4, 2, 3, 4, 2, 2, 7, 7, 8, 6, 6, 6
Vasalou2010_Pacemaker_Neuron_SCN, 16, 18, 20, 24, 6, 12, 12, 15, 12, 12, 16, 9, 8, 8, 6, 48, 12, 6, 24, 30, 9, 30, 46, 8, 12, 27, 28, 46, 40, 18, 26, 15, 39, 33, 23
Nakakuki2010_CellFateDecision_Core, 0, 0, 0, 0, 0, 0, 0, 0, 0, 0, 0, 9, 12, 0, 0, 0, 0, 0, 0, 0, 12, 0, 0, 0, 0, 0, 0, 0, 0, 0, 0, 0, 0, 0, 9
Nakakuki2010_CellFateDecision_Mechanistic, 121, 52, 120, 283, 357, 241, 196, 62, 60, 227, 169, 37, 33, 136, 117, 415, 138, 68, 234, 280, 36, 244, 193, 76, 70, 91, 194, 300, 112, 127, 140, 69, 148, 78, 69
Ralser2007_Carbohydrate_Rerouting_ROS, 69, 2, 64, 105, 73, 162, 64, 4, 60, 68, 104, 2, 3, 145, 46, 75, 127, 36, 42, 72, 3, 75, 48, 113, 22, 41, 94, 48, 26, 83, 79, 58, 52, 36, 38
Lebeda2008_BoNT_Paralysis_3stepModel, 0, 0, 0, 0, 0, 0, 0, 0, 0, 0, 0, 0, 0, 1, 0, 0, 1, 0, 0, 0, 0, 0, 0, 2, 0, 0, 1, 0, 0, 2, 2, 3, 2, 3, 3
Reed2008_Glutathione_Metabolism, 267, 26, 205, 581, 402, 579, 210, 27, 132, 289, 300, 17, 19, 319, 195, 426, 399, 141, 198, 286, 14, 231, 250, 200, 94, 144, 287, 208, 122, 144, 183, 92, 132, 80, 64
Fujita2010_Akt_Signalling_NGF, 4, 0, 2, 5, 6, 12, 6, 0, 2, 8, 5, 0, 0, 15, 4, 5, 20, 4, 8, 10, 0, 7, 4, 16, 4, 4, 15, 10, 6, 15, 19, 14, 16, 14, 11
Conradie2010_RPControl_CellCycle, 108, 95, 160, 278, 252, 284, 212, 102, 62, 234, 122, 111, 56, 150, 120, 372, 134, 78, 264, 186, 59, 166, 176, 60, 88, 66, 188, 176, 60, 86, 96, 36, 101, 43, 45
Fujita2010_Akt_Signalling_EGFRinhib, 13, 0, 12, 16, 6, 12, 6, 0, 10, 8, 14, 0, 0, 17, 6, 14, 23, 8, 8, 22, 0, 13, 17, 21, 6, 14, 18, 18, 18, 18, 26, 20, 20, 21, 14
Piedrafita2010_MR_System, 12, 0, 4, 13, 16, 21, 8, 0, 4, 16, 10, 0, 0, 21, 8, 11, 39, 8, 16, 16, 0, 8, 8, 24, 8, 7, 24, 14, 10, 15, 24, 16, 18, 16, 11
Ortega2006_bistability_doublePhosphorylation, 0, 2, 2, 2, 2, 2, 4, 2, 2, 4, 2, 2, 2, 2, 2, 2, 2, 2, 4, 4, 2, 4, 2, 2, 2, 2, 4, 4, 2, 6, 6, 4, 6, 4, 4
Tiago2010_FeMetabolism_FeDeficient, 62, 0, 170, 1574, 1208, 189, 1172, 0, 158, 1172, 1454, 0, 0, 187, 107, 1574, 160, 98, 1172, 1562, 0, 1562, 170, 129, 98, 158, 268, 1562, 158, 147, 147, 29, 147, 29, 29
Tiago2010_FeMetabolism_FeAdequate, 62, 0, 170, 1574, 1208, 189, 1172, 0, 158, 1172, 1454, 0, 0, 187, 107, 1574, 160, 98, 1172, 1562, 0, 1562, 170, 129, 98, 158, 268, 1562, 158, 147, 147, 29, 147, 29, 29
Fujita2010_Akt_Signalling_EGF, 4, 0, 2, 5, 6, 12, 6, 0, 2, 8, 5, 0, 0, 15, 4, 5, 20, 4, 8, 10, 0, 7, 4, 16, 4, 4, 15, 10, 6, 15, 19, 14, 16, 14, 11
Tiago2010_FeMetabolism_FeLoaded, 62, 0, 170, 1574, 1208, 189, 1172, 0, 158, 1172, 1454, 0, 0, 187, 107, 1574, 160, 98, 1172, 1562, 0, 1562, 170, 129, 98, 158, 268, 1562, 158, 147, 147, 29, 147, 29, 29
Rehm2006_Caspase, 3430, 0, 3632, 26316, 14754, 6435, 7488, 0, 980, 7069, 9968, 0, 0, 2135, 1903, 20369, 2787, 590, 5356, 7280, 0, 7806, 3105, 804, 412, 768, 2115, 5490, 536, 606, 646, 113, 452, 86, 68
Hofmeyer1986_SeqFb_Proc_AA_Synthesis, 2, 4, 2, 2, 0, 4, 0, 3, 2, 0, 2, 3, 3, 6, 0, 2, 6, 0, 0, 2, 3, 2, 2, 7, 0, 2, 6, 2, 2, 7, 7, 8, 7, 8, 8
Chance1943_Peroxidase_ES_Kinetics, 0, 0, 0, 0, 0, 0, 0, 0, 0, 0, 0, 0, 0, 0, 0, 0, 0, 0, 0, 0, 0, 0, 0, 3, 0, 0, 0, 0, 0, 3, 3, 4, 2, 3, 3
Chance1952_Catalase_Mechanism, 2, 0, 4, 0, 0, 0, 2, 0, 10, 4, 6, 0, 0, 2, 2, 0, 2, 4, 2, 4, 0, 4, 3, 8, 2, 7, 2, 2, 4, 6, 8, 10, 4, 6, 5
Tang2010_PolyGlutamate, 2488, 0, 2748, 16192, 22415, 11575, 5072, 0, 556, 6253, 3780, 0, 0, 2500, 3957, 15286, 2969, 1004, 5300, 4212, 0, 3679, 2781, 628, 818, 588, 2789, 3730, 560, 601, 691, 124, 589, 109, 105
Proctor2010_GSK3_p53_AlzheimerDisease, 0, 0, 0, 0, 0, 0, 0, 0, 0, 0, 0, 0, 0, 0, 0, 0, 0, 0, 0, 0, 0, 0, 0, 0, 0, 0, 0, 0, 0, 0, 0, 0, 0, 0, 0
Becker2010_EpoR_AuxiliaryModel, 7, 0, 11, 9, 2, 13, 4, 0, 10, 4, 10, 0, 0, 10, 3, 9, 10, 3, 6, 12, 0, 11, 10, 8, 4, 10, 11, 12, 10, 10, 11, 8, 11, 8, 8
Becker2010_EpoR_CoreModel, 10, 0, 15, 15, 7, 17, 8, 0, 14, 10, 13, 0, 0, 14, 6, 15, 14, 6, 14, 14, 0, 14, 14, 10, 8, 12, 15, 14, 10, 12, 13, 9, 13, 8, 9
Schilling2009_ERK_distributive, 0, 0, 0, 0, 0, 0, 0, 0, 0, 0, 0, 0, 0, 0, 0, 0, 0, 0, 0, 0, 0, 0, 0, 0, 0, 0, 0, 0, 0, 0, 0, 0, 0, 0, 0
Goldbeter2007_Somitogenesis_Switch, 0, 5, 0, 0, 0, 0, 0, 4, 0, 0, 0, 4, 4, 0, 0, 0, 0, 0, 0, 0, 5, 0, 0, 0, 0, 0, 0, 2, 2, 0, 0, 0, 5, 5, 4
Chance1960_Glycolysis_Respiration, 107, 0, 119, 229, 151, 274, 126, 4, 80, 110, 178, 0, 2, 235, 77, 163, 236, 46, 62, 112, 2, 121, 77, 174, 26, 48, 153, 62, 26, 116, 115, 73, 62, 41, 39
Pokhilko2010_CircClock, 0, 33, 0, 0, 0, 0, 0, 31, 0, 0, 0, 32, 30, 0, 0, 2, 0, 0, 0, 0, 32, 2, 2, 0, 0, 2, 2, 4, 4, 2, 2, 2, 21, 21, 19
Liu2010_Hormonal_Crosstalk_Arabidopsis, 0, 16, 0, 0, 0, 0, 0, 15, 0, 4, 0, 27, 15, 0, 0, 0, 0, 4, 10, 0, 16, 0, 0, 0, 10, 0, 0, 0, 0, 6, 9, 9, 16, 15, 16
Alexander2010_Tcell_Regulation_Sys1, 0, 14, 0, 0, 0, 0, 0, 9, 0, 0, 0, 8, 6, 0, 0, 0, 0, 0, 2, 6, 7, 0, 0, 0, 2, 0, 0, 8, 8, 0, 3, 1, 8, 8, 5
Alexander2010_Tcell_Regulation_Sys2, 0, 14, 0, 0, 0, 0, 0, 9, 0, 0, 0, 8, 6, 0, 0, 0, 0, 0, 0, 6, 7, 0, 0, 0, 0, 0, 0, 8, 8, 0, 3, 0, 8, 8, 5
Ciliberto2003_Morphogenesis_Checkpoint, 92, 54, 138, 288, 323, 308, 134, 48, 42, 155, 96, 61, 22, 106, 119, 428, 116, 50, 188, 184, 31, 151, 192, 38, 62, 60, 189, 186, 70, 67, 82, 26, 95, 40, 37
Balagaddé2008_E_coli_Predator_Prey, 12, 6, 12, 0, 0, 0, 0, 4, 12, 0, 0, 6, 6, 0, 12, 0, 0, 12, 0, 0, 6, 0, 12, 4, 12, 12, 0, 0, 12, 4, 4, 8, 4, 8, 8
Akman2008_Circadian_Clock_Model1, 0, 2, 0, 0, 0, 0, 0, 6, 0, 0, 0, 4, 4, 0, 0, 0, 0, 0, 0, 0, 4, 2, 0, 0, 0, 2, 0, 4, 4, 2, 0, 2, 5, 5, 5
Proctor2010_UCHL1_ProteinAggregation, 0, 0, 0, 0, 0, 0, 0, 0, 0, 0, 0, 0, 0, 0, 0, 0, 0, 0, 0, 0, 0, 0, 0, 0, 0, 0, 0, 0, 0, 0, 0, 0, 0, 0, 0
Rovers1995_Photsynthetic_Oscillations, 1, 1, 5, 1, 1, 4, 2, 2, 10, 5, 3, 1, 1, 15, 3, 1, 15, 5, 2, 2, 1, 5, 3, 20, 2, 5, 10, 2, 2, 16, 16, 15, 8, 7, 7
Wang2009 - PI3K Ras Crosstalk, 0, 0, 0, 0, 0, 0, 0, 0, 0, 0, 0, 21, 32, 0, 0, 0, 0, 0, 0, 0, 32, 0, 0, 0, 0, 0, 0, 0, 0, 0, 0, 0, 0, 0, 13
Passos2010_DNAdamage_CellularSenescence, 130, 0, 141, 266, 248, 239, 222, 0, 76, 153, 156, 0, 0, 156, 421, 350, 127, 173, 190, 158, 0, 197, 136, 82, 188, 71, 160, 170, 64, 104, 85, 47, 92, 42, 54
Restif2007_Vaccination_Invasion, 31, 16, 19, 73, 84, 73, 46, 32, 8, 60, 32, 8, 15, 32, 30, 91, 47, 22, 72, 52, 15, 40, 53, 20, 26, 22, 56, 64, 36, 24, 34, 14, 40, 24, 16
Kim2011_Oscillator_SimpleI, 5, 0, 4, 11, 15, 13, 6, 0, 2, 12, 5, 0, 0, 6, 11, 19, 9, 8, 22, 14, 0, 10, 15, 4, 16, 7, 16, 18, 12, 8, 11, 5, 18, 9, 10
Grange2001 - L Dopa PK model, 1, 0, 0, 2, 0, 0, 0, 0, 0, 0, 2, 0, 0, 0, 0, 2, 1, 0, 0, 6, 0, 2, 5, 1, 0, 3, 1, 6, 8, 1, 4, 2, 4, 6, 2
Palini2011_Minimal_2_Feedback_Model, 4, 2, 0, 7, 3, 5, 2, 4, 0, 6, 5, 2, 2, 4, 2, 9, 7, 3, 4, 10, 2, 6, 9, 5, 2, 5, 9, 10, 8, 6, 11, 6, 11, 10, 6
Kim2011_Oscillator_SimpleIII, 3, 0, 0, 6, 3, 3, 0, 0, 0, 3, 3, 0, 0, 3, 3, 6, 6, 3, 6, 6, 0, 3, 6, 3, 6, 3, 6, 6, 6, 3, 6, 3, 9, 6, 6
Tyson2003_NegFB_Homeostasis, 0, 2, 0, 0, 0, 0, 0, 2, 0, 0, 0, 2, 2, 0, 0, 0, 0, 0, 0, 0, 3, 0, 0, 0, 0, 0, 0, 0, 0, 2, 2, 2, 3, 3, 3
Tyson2003_Mutual_Activation, 0, 2, 0, 0, 0, 0, 0, 3, 0, 0, 0, 3, 3, 0, 0, 0, 0, 0, 2, 0, 3, 0, 0, 0, 2, 0, 0, 0, 0, 2, 2, 2, 4, 3, 4
Tyson2003_Mutual_Inhibition, 0, 3, 0, 0, 0, 0, 0, 3, 0, 0, 0, 3, 2, 0, 0, 0, 0, 0, 4, 0, 3, 0, 0, 0, 2, 0, 0, 4, 2, 2, 2, 2, 6, 4, 4
Tyson2003_Substrate_Depletion_Osc, 0, 2, 0, 0, 0, 0, 0, 3, 0, 0, 0, 2, 3, 0, 0, 0, 0, 0, 0, 0, 3, 0, 0, 0, 0, 0, 1, 0, 0, 3, 3, 3, 4, 4, 4
Tyson2003_NegFB_Oscillator, 0, 3, 0, 0, 0, 0, 0, 3, 0, 0, 0, 3, 3, 0, 0, 0, 0, 0, 0, 0, 4, 0, 0, 0, 0, 0, 0, 0, 0, 4, 4, 4, 5, 5, 5
Decroly1982_Enzymatic_Oscillator, 0, 0, 0, 0, 0, 1, 0, 0, 0, 0, 0, 0, 0, 1, 0, 0, 1, 0, 0, 0, 0, 0, 0, 1, 0, 0, 2, 0, 0, 2, 2, 2, 3, 3, 3
Grange2001 - PK interaction of L-dopa and benserazide, 5, 0, 2, 6, 2, 0, 2, 0, 2, 4, 8, 0, 0, 1, 0, 6, 3, 2, 4, 16, 0, 8, 12, 5, 2, 9, 3, 16, 18, 5, 11, 7, 11, 14, 7
Yao2008_Rb_E2F_Switch, 7, 8, 4, 12, 11, 12, 8, 16, 2, 9, 6, 10, 9, 8, 6, 25, 10, 4, 16, 16, 7, 14, 17, 5, 8, 8, 18, 22, 12, 10, 13, 6, 20, 12, 11
Shen-Orr2002_Single_Input_Module, 0, 0, 0, 0, 0, 0, 0, 3, 0, 0, 0, 0, 3, 0, 0, 0, 0, 0, 0, 0, 3, 0, 0, 0, 0, 0, 0, 0, 0, 0, 0, 0, 3, 3, 3
Raia2010_IL13_Signalling_MedB1, 1, 8, 2, 1, 0, 3, 2, 11, 2, 2, 1, 11, 13, 3, 2, 1, 3, 2, 2, 4, 13, 4, 4, 3, 2, 4, 6, 4, 4, 11, 12, 11, 13, 13, 14
Tyson2003_Perfect_Adaption, 0, 1, 0, 0, 0, 0, 0, 2, 0, 0, 0, 1, 2, 0, 0, 0, 0, 0, 0, 0, 3, 0, 0, 0, 0, 0, 0, 0, 0, 0, 0, 0, 2, 2, 2
Raia2011_IL13_L1236, 1, 5, 2, 1, 0, 3, 2, 8, 2, 2, 1, 7, 8, 3, 2, 1, 3, 2, 2, 4, 8, 4, 4, 3, 2, 4, 6, 4, 4, 11, 12, 10, 12, 11, 11
Friedland2009_Ara_RTC3_counter, 0, 9, 0, 0, 0, 0, 0, 9, 0, 0, 0, 8, 9, 0, 0, 0, 0, 0, 0, 0, 9, 0, 0, 0, 0, 0, 0, 0, 0, 0, 0, 0, 7, 8, 7
Schmierer2010_FIH_Ankyrins, 0, 0, 0, 0, 0, 0, 0, 0, 0, 0, 0, 0, 0, 0, 0, 0, 0, 0, 0, 0, 12, 0, 0, 0, 0, 0, 0, 10, 10, 0, 0, 0, 7, 7, 3
Kolomeisky2003_MyosinV_Processivity, 28, 0, 24, 4, 8, 0, 24, 0, 42, 12, 28, 0, 0, 16, 16, 8, 4, 12, 8, 12, 0, 24, 12, 28, 8, 18, 8, 8, 6, 24, 12, 18, 8, 6, 12
Tyson2003_Activator_Inhibitor, 0, 6, 0, 0, 0, 0, 0, 6, 0, 0, 0, 6, 4, 0, 0, 0, 0, 0, 4, 0, 5, 0, 0, 0, 2, 0, 0, 4, 2, 2, 2, 2, 7, 5, 5
Montagne2011_Oligator_optimised, 150, 0, 164, 303, 343, 267, 226, 0, 94, 222, 208, 0, 0, 193, 165, 281, 179, 84, 184, 172, 0, 191, 131, 112, 68, 72, 162, 146, 50, 101, 94, 49, 77, 35, 39
Shen-Orr2002_FeedForward_AND_gate, 0, 1, 0, 0, 0, 0, 0, 3, 0, 0, 0, 1, 3, 0, 0, 0, 0, 0, 0, 0, 3, 0, 0, 0, 0, 0, 0, 0, 0, 0, 0, 0, 2, 2, 2
Liu2011_Complement_System, 315, 4, 348, 362, 172, 346, 242, 24, 412, 269, 274, 18, 32, 186, 72, 258, 184, 281, 240, 256, 16, 217, 334, 97, 262, 400, 157, 202, 274, 74, 96, 89, 71, 69, 63
Wajima2009_BloodCoagulation_aPTTtest, 130, 77, 66, 135, 139, 68, 68, 92, 40, 131, 95, 75, 40, 53, 69, 311, 69, 65, 130, 140, 43, 173, 265, 49, 64, 140, 129, 242, 196, 78, 108, 62, 141, 109, 68
Pfeiffer2001_ATP-ProducingPathways_CooperationCompetition, 0, 0, 2, 0, 0, 0, 0, 0, 2, 0, 0, 0, 0, 0, 0, 2, 0, 0, 0, 0, 0, 2, 2, 0, 0, 2, 2, 2, 2, 2, 2, 2, 4, 4, 3
Whitcomb2004_Bicarbonate_Pancreas, 6, 0, 7, 0, 1, 1, 6, 0, 14, 4, 5, 0, 0, 6, 28, 2, 1, 32, 4, 6, 0, 12, 7, 8, 24, 16, 6, 10, 12, 15, 10, 16, 11, 11, 13
Bucher2011_Atorvastatin_Metabolism, 99, 20, 124, 163, 99, 98, 62, 10, 62, 62, 97, 8, 4, 73, 48, 211, 61, 26, 62, 122, 4, 122, 124, 42, 26, 62, 86, 122, 62, 56, 56, 29, 56, 29, 29
Hockin2002_BloodCoagulation, 182, 0, 236, 271, 168, 161, 152, 0, 166, 197, 276, 0, 0, 131, 98, 218, 161, 90, 148, 276, 0, 224, 175, 123, 68, 142, 117, 214, 124, 95, 114, 71, 83, 55, 47
Jones1994_BloodCoagulation, 104, 1, 128, 119, 178, 147, 124, 0, 84, 147, 84, 2, 0, 94, 114, 108, 138, 88, 120, 88, 1, 80, 96, 78, 66, 67, 100, 78, 50, 64, 78, 47, 59, 35, 32
DellOrco2009_phototransduction, 273, 10, 249, 769, 1096, 818, 1000, 3, 244, 938, 817, 7, 3, 509, 441, 713, 506, 342, 938, 842, 5, 794, 246, 317, 342, 242, 461, 788, 240, 292, 287, 140, 258, 115, 116
Bungay2006_Plasma, 611, 0, 588, 832, 441, 501, 424, 0, 402, 490, 639, 0, 0, 309, 160, 771, 376, 155, 420, 680, 0, 622, 588, 239, 126, 402, 280, 622, 402, 195, 234, 137, 175, 119, 87
Bungay2006_FollicularFluid, 277, 0, 266, 344, 156, 245, 146, 0, 196, 177, 260, 0, 0, 166, 74, 313, 205, 73, 142, 274, 0, 246, 266, 135, 56, 196, 149, 246, 196, 105, 130, 89, 93, 79, 55
Bungay2003_Thrombin_Generation, 597, 0, 577, 338, 372, 312, 408, 0, 374, 476, 327, 0, 0, 233, 140, 277, 286, 155, 406, 364, 0, 306, 577, 213, 126, 374, 209, 306, 374, 170, 211, 130, 152, 113, 83
Zi2011_TGF-beta_Pathway, 36, 2, 43, 52, 45, 71, 38, 3, 32, 38, 39, 1, 1, 56, 56, 56, 58, 40, 38, 46, 1, 44, 43, 43, 40, 30, 62, 42, 28, 48, 50, 35, 45, 32, 32
Bachmann2011_JAK2-STAT5_FeedbackControl, 14, 40, 14, 14, 16, 38, 16, 36, 10, 16, 10, 40, 29, 32, 19, 14, 33, 16, 20, 12, 31, 12, 16, 24, 20, 12, 37, 12, 12, 30, 30, 25, 36, 30, 31
Proctor2011_ProteinHomeostasis_NormalCondition, 1731, 0, 1993, 6416, 4398, 3243, 2104, 0, 670, 2379, 2563, 0, 0, 1369, 1101, 4783, 1530, 563, 1846, 2238, 0, 1934, 1517, 589, 424, 521, 1236, 1610, 388, 485, 537, 177, 395, 126, 129
Wajima2009_BloodCoagulation_warfarin_heparin, 130, 77, 66, 135, 139, 68, 68, 92, 40, 131, 95, 75, 40, 53, 69, 320, 69, 65, 130, 140, 43, 182, 265, 49, 64, 140, 132, 254, 196, 81, 108, 62, 145, 109, 69
Wajima2009_BloodCoagulation_PTtest, 130, 77, 66, 135, 139, 68, 68, 92, 40, 131, 95, 75, 40, 53, 69, 311, 69, 65, 130, 140, 43, 173, 265, 49, 64, 140, 129, 242, 196, 78, 108, 62, 141, 109, 68
Lee2010_ThrombinActivation_OneForm_reduced, 16, 0, 14, 36, 36, 26, 48, 0, 14, 48, 36, 0, 0, 30, 14, 36, 30, 14, 48, 48, 0, 48, 14, 26, 14, 14, 28, 48, 14, 26, 26, 16, 22, 12, 12
Stortelder1997 - Thrombin Generation Amidolytic Activity, 4, 4, 0, 0, 0, 0, 4, 7, 4, 4, 6, 4, 4, 0, 0, 0, 0, 2, 4, 6, 4, 6, 4, 7, 2, 6, 0, 6, 6, 7, 7, 10, 7, 10, 8
Panteleev2002_TFPImechanism_schmema3, 17, 0, 18, 16, 3, 13, 2, 0, 16, 4, 16, 0, 0, 17, 7, 11, 19, 7, 2, 12, 0, 11, 15, 22, 4, 13, 14, 8, 10, 15, 19, 16, 12, 13, 10
Abell2011_CalciumSignaling_WithoutAdaptation, 4, 15, 7, 7, 17, 8, 14, 14, 4, 14, 5, 14, 8, 7, 10, 17, 7, 6, 20, 14, 8, 14, 10, 4, 8, 6, 15, 20, 8, 10, 10, 5, 15, 8, 8
Abell2011_CalciumSignaling_WithAdaptation, 4, 28, 7, 7, 17, 8, 14, 23, 4, 14, 5, 25, 14, 7, 10, 17, 7, 6, 20, 14, 15, 14, 10, 4, 8, 6, 15, 20, 8, 10, 10, 5, 18, 11, 11
Nyman2011_M3Hierarachical_InsulinGlucosedynamics, 471, 38, 610, 1695, 1818, 1684, 606, 19, 176, 550, 535, 37, 19, 552, 549, 2069, 475, 158, 550, 582, 19, 656, 532, 154, 158, 158, 596, 582, 140, 208, 191, 68, 191, 64, 68
Hockin1999_BloodCoagulation_VaInactivation, 210, 0, 197, 50, 48, 15, 116, 0, 170, 109, 55, 0, 0, 40, 106, 32, 41, 121, 94, 42, 0, 37, 162, 67, 108, 139, 26, 28, 116, 50, 52, 57, 39, 42, 48
Lee2010_ThrombinActivation_OneForm_minimal, 2, 0, 2, 0, 0, 0, 0, 0, 2, 0, 0, 0, 0, 0, 2, 0, 0, 2, 0, 0, 0, 0, 2, 2, 2, 2, 0, 0, 2, 2, 2, 4, 2, 4, 4
Lee2010_ThrombinActivation_OneForm, 66, 0, 64, 222, 150, 86, 180, 0, 44, 180, 164, 0, 0, 86, 60, 228, 84, 60, 180, 192, 0, 190, 64, 58, 60, 42, 82, 188, 40, 56, 58, 28, 50, 22, 22
Orfao2008_ThrombinGeneration_AmidolyticActivity, 4, 4, 0, 0, 0, 0, 4, 7, 4, 4, 6, 4, 4, 0, 0, 0, 0, 2, 4, 6, 4, 6, 4, 7, 2, 6, 0, 6, 6, 7, 7, 10, 7, 10, 8
Vernoux2011_AuxinSignaling_AuxinFluctuating, 4, 9, 8, 7, 3, 4, 8, 13, 4, 6, 4, 6, 6, 3, 2, 30, 3, 2, 12, 20, 7, 18, 22, 2, 4, 10, 16, 28, 16, 10, 14, 6, 17, 11, 7
Vernoux2011_AuxinSignaling_AuxinSingleStepInput, 4, 9, 8, 7, 3, 4, 8, 13, 4, 6, 4, 6, 6, 3, 2, 30, 3, 2, 12, 20, 7, 18, 22, 2, 4, 10, 16, 28, 16, 10, 14, 6, 17, 11, 7
Nag2011_ChloroplasticStarchDegradation, 3, 0, 2, 0, 4, 8, 12, 15, 2, 7, 0, 0, 28, 19, 5, 0, 11, 7, 6, 0, 16, 0, 2, 24, 6, 2, 10, 0, 2, 21, 14, 22, 11, 12, 15
Panteleev2002_TFPImechanism_schmema2, 14, 0, 14, 13, 6, 12, 6, 0, 12, 7, 13, 0, 0, 15, 9, 10, 18, 8, 6, 10, 0, 10, 12, 19, 6, 10, 13, 8, 8, 14, 16, 14, 12, 12, 10
Panteleev2002_TFPImechanism_schmema1, 1, 0, 0, 1, 0, 3, 0, 0, 2, 0, 2, 0, 0, 7, 0, 1, 7, 0, 0, 2, 0, 2, 1, 9, 0, 2, 6, 2, 2, 7, 8, 9, 6, 8, 6
Butenas2004_BloodCoagulation, 238, 0, 297, 437, 303, 271, 210, 0, 190, 271, 362, 0, 0, 184, 141, 340, 226, 111, 204, 360, 0, 282, 225, 148, 84, 161, 168, 268, 138, 113, 137, 77, 99, 59, 51
Troein2011_ClockCircuit_OstreococcusTauri, 0, 14, 0, 0, 0, 0, 0, 17, 0, 0, 0, 15, 14, 0, 0, 3, 0, 0, 2, 2, 14, 2, 3, 0, 2, 2, 4, 8, 8, 3, 4, 3, 19, 18, 15
Arnold2011_Laisk2006_CalvinCycle_Starch_Sucrose, 104, 21, 148, 160, 59, 210, 64, 64, 146, 64, 154, 40, 69, 176, 64, 89, 159, 56, 40, 92, 43, 102, 84, 128, 36, 80, 107, 54, 44, 87, 81, 69, 50, 40, 44
Arnold2011_Poolman2000_CalvinCycle_Starch, 58, 54, 49, 130, 26, 89, 20, 19, 38, 32, 103, 38, 13, 70, 22, 56, 106, 22, 20, 92, 30, 47, 52, 74, 14, 43, 60, 42, 38, 44, 64, 42, 37, 31, 25
Arnold2011_Giersch1990_CalvinCycle, 9, 1, 16, 12, 6, 25, 8, 3, 16, 14, 15, 3, 3, 33, 10, 6, 33, 14, 8, 8, 2, 9, 9, 31, 8, 9, 20, 4, 4, 20, 22, 20, 12, 11, 11
Arnold2011_Schultz2003_RuBisCO-CalvinCycle, 2, 4, 0, 2, 2, 2, 2, 4, 0, 6, 2, 1, 3, 2, 4, 2, 6, 6, 2, 4, 3, 4, 4, 6, 2, 4, 4, 4, 4, 6, 10, 8, 6, 8, 4
Arnold2011_Medlyn2002_RuBisCO-CalvinCycle, 2, 2, 0, 2, 2, 2, 2, 2, 0, 6, 2, 1, 1, 2, 4, 2, 6, 6, 2, 4, 1, 4, 4, 6, 2, 4, 4, 4, 4, 6, 10, 8, 6, 8, 4
Arnold2011_Farquhar1980_RuBisCO-CalvinCycle, 4, 2, 0, 2, 2, 2, 2, 4, 0, 6, 2, 1, 3, 2, 4, 2, 6, 6, 2, 4, 3, 4, 6, 6, 2, 6, 4, 4, 6, 6, 10, 8, 6, 8, 4
Arnold2011_Hahn1986_CalvinCycle_Starch_Sucrose, 93, 0, 125, 150, 96, 172, 68, 0, 88, 101, 111, 0, 0, 145, 70, 87, 146, 59, 58, 78, 0, 69, 74, 103, 34, 53, 95, 42, 30, 71, 77, 51, 44, 29, 31
Arnold2011_Zhu2009_CalvinCycle, 7, 0, 4, 2, 0, 7, 0, 0, 6, 0, 3, 0, 0, 8, 2, 2, 11, 4, 0, 4, 0, 3, 4, 11, 2, 7, 7, 4, 6, 8, 9, 12, 7, 9, 8
Arnold2011_Damour2007_RuBisCO-CalvinCycle, 2, 4, 0, 2, 2, 2, 2, 4, 0, 6, 2, 1, 3, 2, 4, 2, 6, 6, 2, 4, 3, 4, 4, 6, 2, 4, 4, 4, 4, 6, 10, 8, 6, 8, 4
Arnold2011_Sharkey2007_RuBisCO-CalvinCycle, 2, 4, 0, 2, 2, 2, 2, 4, 0, 6, 2, 1, 3, 2, 4, 2, 6, 6, 2, 4, 3, 4, 4, 6, 2, 4, 4, 4, 4, 6, 10, 8, 6, 8, 4
Smallbone2011_TrehaloseBiosynthesis, 15, 1, 10, 12, 3, 18, 10, 4, 18, 7, 20, 1, 3, 31, 4, 6, 28, 7, 4, 12, 1, 10, 7, 42, 4, 13, 16, 6, 8, 23, 21, 27, 11, 14, 14
Moriya2011_CellCycle_FissionYeast, 184, 71, 232, 424, 312, 348, 186, 100, 102, 184, 218, 68, 65, 205, 183, 480, 165, 84, 172, 232, 58, 236, 184, 94, 80, 82, 185, 208, 68, 111, 109, 62, 97, 55, 58
Cookson2011_EnzymaticQueueingCoupling, 2, 0, 2, 2, 2, 4, 4, 0, 2, 4, 2, 0, 0, 4, 2, 4, 4, 2, 4, 4, 0, 6, 4, 4, 2, 4, 6, 8, 6, 8, 8, 6, 10, 8, 6
Bray1993_chemotaxis, 348, 1, 363, 575, 240, 323, 102, 4, 250, 137, 491, 6, 2, 209, 131, 444, 218, 91, 80, 546, 2, 331, 372, 130, 52, 247, 218, 298, 232, 91, 138, 70, 77, 64, 39
Sivakumar2011_EGFReceptorSignalingPathway, 0, 0, 0, 0, 0, 0, 0, 0, 0, 0, 0, 0, 0, 0, 0, 0, 0, 0, 0, 0, 0, 0, 0, 0, 0, 0, 0, 0, 0, 0, 0, 0, 0, 0, 0
Sivakumar2011_HedgehogSignalingPathway, 0, 0, 0, 0, 0, 0, 0, 0, 0, 0, 0, 0, 0, 0, 0, 0, 0, 0, 0, 0, 0, 0, 0, 0, 0, 0, 0, 0, 0, 0, 0, 0, 0, 0, 0
Arnold2011_Zhu2007_CalvinCycle_Starch_Sucrose_Photorespiration, 109, 52, 88, 136, 44, 165, 50, 105, 96, 51, 146, 74, 93, 128, 48, 80, 135, 45, 36, 116, 80, 100, 82, 114, 32, 82, 96, 70, 60, 86, 90, 75, 61, 51, 50
Sivakumar2011_WntSignalingPathway, 29, 0, 50, 6, 4, 23, 6, 7, 74, 6, 8, 4, 14, 33, 11, 3, 42, 46, 6, 8, 5, 4, 23, 63, 20, 48, 25, 4, 22, 36, 49, 69, 28, 49, 38
Sivakumar2011_NeuralStemCellDifferentiation_Crosstalk, 0, 0, 0, 0, 0, 0, 0, 5, 2, 0, 0, 3, 11, 1, 9, 0, 1, 12, 0, 0, 9, 0, 0, 5, 12, 3, 1, 0, 4, 4, 5, 18, 4, 18, 13
Jenkinson2011_EGF_MAPK, 887, 0, 757, 1683, 1533, 1930, 876, 0, 384, 887, 869, 0, 0, 1005, 694, 1395, 1034, 368, 764, 836, 0, 783, 689, 522, 320, 353, 836, 706, 322, 441, 454, 224, 366, 178, 171
Sivakumar2011_NotchSignalingPathway, 0, 0, 0, 0, 0, 0, 0, 0, 0, 0, 0, 0, 0, 0, 0, 0, 0, 0, 0, 0, 0, 0, 0, 0, 0, 0, 0, 0, 0, 0, 0, 0, 0, 0, 0
Muraro2011_Cytokinin-Auxin_CrossRegulation, 0, 0, 0, 0, 0, 0, 0, 0, 0, 0, 0, 20, 43, 0, 0, 0, 0, 0, 0, 0, 45, 0, 0, 0, 0, 0, 0, 0, 0, 0, 0, 0, 0, 0, 20
Ratushny2012_NF, 0, 0, 0, 0, 0, 0, 0, 0, 0, 0, 0, 0, 0, 0, 0, 0, 0, 0, 0, 0, 0, 0, 0, 0, 0, 0, 0, 0, 0, 0, 0, 0, 1, 0, 0
Ratushny2012_SPF, 0, 0, 0, 0, 0, 0, 0, 0, 0, 0, 0, 0, 0, 0, 0, 0, 0, 0, 0, 0, 0, 0, 0, 0, 0, 0, 0, 0, 0, 0, 0, 0, 1, 1, 1
Pokhilko2012_CircClock_RepressilatorFeedbackloop, 12, 81, 12, 12, 0, 1, 0, 43, 18, 0, 18, 66, 66, 8, 0, 12, 8, 0, 0, 18, 66, 18, 12, 37, 0, 18, 8, 18, 18, 35, 37, 58, 35, 58, 56
Heiland2012_CircadianClock_C.reinhardtii, 9, 3, 12, 8, 1, 3, 4, 3, 12, 4, 11, 2, 2, 9, 36, 12, 7, 32, 4, 14, 2, 14, 12, 12, 32, 12, 10, 14, 12, 13, 14, 14, 13, 14, 13
Band2012_DII-Venus_ReducedModel, 0, 0, 0, 0, 0, 0, 0, 0, 0, 0, 0, 0, 0, 0, 0, 0, 0, 0, 0, 0, 0, 0, 0, 0, 0, 0, 0, 2, 2, 0, 0, 0, 2, 2, 1
Mellor2012_LipooxygenasePathway, 12, 0, 84, 0, 0, 0, 12, 0, 336, 12, 0, 0, 0, 0, 6, 0, 0, 50, 12, 0, 0, 0, 12, 6, 50, 48, 0, 0, 6, 6, 6, 26, 6, 5, 26
Band2012_DII-Venus_FullModel, 9, 0, 11, 14, 18, 17, 22, 0, 6, 20, 11, 0, 0, 13, 14, 20, 14, 10, 20, 16, 0, 16, 15, 11, 10, 8, 21, 16, 8, 17, 17, 9, 17, 9, 9
Wegner2012_TGFbetaSignalling_FeedbackLoops, 239, 24, 231, 413, 213, 290, 120, 37, 162, 160, 266, 25, 15, 182, 103, 473, 221, 100, 154, 352, 16, 298, 288, 123, 78, 223, 228, 358, 264, 127, 163, 94, 158, 112, 76
Hettling2011_CreatineKinase, 16, 0, 16, 8, 0, 2, 0, 0, 18, 0, 12, 0, 0, 7, 12, 5, 8, 13, 0, 10, 0, 9, 13, 16, 10, 14, 5, 6, 10, 12, 13, 17, 8, 12, 12
Queralt2006_MitoticExit_Cdc55DownregulationBySeparase, 69, 28, 121, 12, 9, 10, 18, 28, 80, 18, 17, 22, 24, 15, 87, 18, 14, 70, 18, 30, 28, 24, 88, 22, 52, 61, 21, 28, 50, 36, 40, 36, 38, 35, 32
Schliemann2011_TNF_ProAntiApoptosis, 104, 31, 86, 191, 89, 162, 68, 30, 40, 77, 97, 23, 18, 92, 43, 239, 133, 33, 94, 146, 19, 117, 160, 68, 42, 75, 159, 156, 100, 83, 115, 57, 118, 83, 62
Ratushny2012_ASSURE_II, 0, 0, 0, 0, 0, 0, 0, 0, 0, 0, 0, 0, 0, 0, 0, 0, 0, 0, 0, 0, 0, 0, 0, 0, 0, 0, 0, 0, 0, 0, 0, 0, 2, 2, 2
Middleton2012_GibberellinSignalling, 91, 70, 130, 216, 208, 231, 266, 127, 68, 266, 136, 129, 68, 148, 92, 240, 134, 85, 264, 172, 56, 172, 109, 88, 84, 57, 148, 160, 46, 117, 117, 62, 104, 50, 55
Ratushny2012_ASSURE_I, 0, 0, 0, 0, 0, 0, 0, 0, 0, 0, 0, 0, 0, 0, 0, 0, 0, 0, 0, 0, 0, 0, 0, 0, 0, 0, 0, 0, 0, 0, 0, 0, 2, 2, 2
Ratushny2012_SPF_I, 0, 0, 0, 0, 0, 0, 0, 0, 0, 0, 0, 0, 0, 0, 0, 0, 0, 0, 0, 0, 0, 0, 0, 0, 0, 0, 0, 0, 0, 0, 0, 0, 3, 3, 3
Nyman2012_InsulinSignalling, 4, 6, 5, 4, 4, 11, 6, 5, 4, 6, 3, 5, 5, 9, 6, 4, 10, 6, 6, 4, 5, 4, 5, 7, 6, 4, 11, 4, 4, 13, 13, 11, 13, 11, 11
Gupta2009 - Eicosanoid Metabolism, 73, 2, 22, 266, 108, 79, 138, 21, 14, 168, 116, 0, 5, 61, 36, 266, 75, 36, 168, 140, 5, 116, 90, 36, 36, 32, 75, 140, 36, 36, 47, 16, 47, 22, 16
deBack2012 - Lineage Specification in Pancreas Development, 0, 16, 0, 0, 0, 0, 0, 12, 0, 0, 0, 16, 12, 0, 0, 0, 0, 0, 0, 0, 20, 0, 0, 0, 0, 0, 0, 0, 0, 0, 0, 0, 4, 4, 4
Bianconi2012 - EGFR and IGF1R pathway in lung cancer, 103, 46, 121, 126, 86, 171, 72, 89, 72, 87, 91, 58, 54, 125, 81, 89, 144, 64, 54, 84, 39, 70, 96, 101, 42, 59, 106, 52, 46, 80, 89, 54, 58, 39, 37
Achcar2012 - Glycolysis in bloodstream form T. brucei, 41, 60, 51, 65, 46, 113, 48, 111, 42, 43, 67, 66, 82, 107, 32, 51, 100, 22, 26, 46, 67, 50, 37, 92, 14, 27, 74, 26, 14, 69, 67, 52, 41, 32, 34
Schaber2012 - Hog pathway in yeast, 1, 16, 4, 4, 4, 4, 8, 52, 4, 8, 4, 30, 41, 5, 4, 4, 5, 4, 8, 8, 43, 8, 4, 6, 4, 4, 8, 8, 4, 17, 16, 13, 18, 14, 15
Sarma2012 - Interaction topologies of MAPK cascade (M4_K2_QSS_USEQ), 0, 92, 4, 4, 4, 4, 8, 118, 4, 8, 4, 88, 84, 4, 4, 4, 4, 4, 8, 8, 98, 8, 4, 4, 4, 4, 8, 8, 4, 14, 14, 10, 14, 10, 10
Sarma2012 - Interaction topologies of MAPK cascade (M4_K2_PSEQ), 53, 74, 44, 124, 116, 211, 132, 111, 44, 132, 124, 93, 60, 138, 40, 124, 143, 40, 132, 142, 60, 142, 44, 97, 40, 44, 118, 142, 44, 93, 93, 52, 81, 40, 40
Sarma2012 - Interaction topologies of MAPK cascade (M4_K2_USEQ), 60, 74, 44, 150, 148, 266, 260, 125, 44, 260, 150, 121, 64, 155, 60, 150, 149, 86, 260, 178, 60, 178, 44, 107, 86, 44, 124, 178, 44, 107, 107, 56, 95, 40, 44
McAuley2012 - Whole-body Cholesterol Metabolism, 93, 106, 93, 307, 420, 213, 288, 165, 40, 288, 156, 167, 72, 114, 135, 299, 138, 82, 288, 170, 79, 164, 107, 70, 82, 44, 142, 164, 44, 77, 80, 36, 77, 36, 35
Sarma2012 - Interaction topologies of MAPK cascade (M4_K2_QSS_PSEQ), 0, 92, 4, 4, 4, 4, 8, 118, 4, 8, 4, 88, 84, 4, 4, 4, 4, 4, 8, 8, 98, 8, 4, 4, 4, 4, 8, 8, 4, 14, 14, 10, 14, 10, 10
Faratian2009_PTENrole_TrastuzumabResistance, 0, 0, 0, 0, 0, 0, 0, 0, 0, 0, 0, 0, 0, 0, 0, 0, 0, 0, 0, 0, 0, 0, 0, 0, 0, 0, 0, 0, 0, 0, 0, 0, 0, 0, 0
Tan2012 - Antibiotic Treatment, Inoculum Effect, 0, 4, 0, 0, 0, 0, 0, 0, 0, 0, 0, 5, 0, 0, 0, 0, 0, 0, 4, 0, 3, 0, 0, 0, 2, 0, 0, 4, 0, 0, 0, 0, 4, 2, 2
Mosca2012 - Central Carbon Metabolism Regulated by AKT, 399, 183, 423, 1044, 585, 740, 310, 306, 220, 298, 604, 169, 158, 493, 209, 764, 447, 98, 156, 368, 113, 387, 281, 263, 56, 132, 322, 192, 68, 174, 168, 86, 93, 48, 49
Sarma2012 - Oscillations in MAPK cascade (S2), inclusion of external signalling module, 0, 70, 4, 4, 4, 4, 8, 100, 4, 8, 4, 81, 76, 4, 4, 4, 4, 4, 8, 8, 89, 8, 4, 4, 4, 4, 8, 8, 4, 16, 16, 12, 16, 12, 12
Sarma2012 - Oscillations in MAPK cascade (S1n), 11, 134, 19, 15, 9, 11, 12, 142, 12, 12, 12, 120, 98, 14, 10, 24, 10, 8, 12, 20, 128, 21, 20, 11, 8, 13, 20, 22, 14, 23, 23, 17, 26, 20, 19
Sarma2012 - Oscillations in MAPK cascade (S1), 0, 44, 4, 4, 4, 4, 8, 58, 4, 8, 4, 45, 43, 4, 4, 4, 4, 4, 8, 8, 52, 8, 4, 4, 4, 4, 8, 8, 4, 14, 14, 10, 14, 10, 10
Sarma2012 - Oscillations in MAPK cascade (S2), 0, 67, 4, 4, 4, 4, 8, 93, 4, 8, 4, 74, 69, 4, 4, 4, 4, 4, 8, 8, 82, 8, 4, 4, 4, 4, 8, 8, 4, 14, 14, 10, 14, 10, 10
Reyes-Palomares2012 -  a combined model hepatic polyamine and sulfur aminoacid metabolism - version2, 313, 547, 238, 707, 469, 686, 248, 628, 154, 333, 357, 498, 328, 381, 227, 518, 475, 160, 232, 342, 330, 282, 297, 236, 108, 170, 344, 252, 144, 175, 221, 111, 160, 97, 77
Pokhilko2013 - TOC1 signalling in Arabidopsis circadian clock, 1, 209, 4, 1, 0, 1, 0, 116, 4, 0, 1, 196, 107, 1, 0, 12, 1, 0, 0, 2, 201, 11, 12, 1, 0, 11, 8, 18, 18, 7, 8, 7, 39, 39, 32
Sarma2012 - Oscillations in MAPK cascade (S2n), 11, 134, 19, 15, 9, 11, 12, 142, 12, 12, 12, 120, 98, 14, 10, 24, 10, 8, 12, 20, 128, 21, 20, 11, 8, 13, 20, 22, 14, 23, 23, 17, 26, 20, 19
Saeidi2012 - Quorum sensing device that produces GFP, 2, 7, 2, 1, 0, 2, 0, 7, 4, 0, 2, 5, 9, 4, 0, 1, 5, 0, 0, 2, 13, 2, 2, 7, 0, 4, 4, 2, 4, 5, 7, 9, 5, 9, 7
Smith2009 - RGS mediated GTP hydrolysis, 38, 22, 28, 36, 32, 77, 44, 46, 24, 31, 30, 37, 35, 60, 29, 26, 67, 25, 28, 30, 30, 26, 26, 52, 22, 22, 50, 24, 20, 45, 44, 33, 35, 28, 26
Brännmark2013 - Insulin signalling in human adipocytes (diabetic condition), 11, 54, 20, 18, 24, 39, 22, 81, 14, 22, 13, 83, 64, 29, 20, 24, 29, 14, 22, 22, 64, 22, 20, 19, 14, 14, 38, 22, 14, 45, 45, 34, 45, 34, 34
Brännmark2013 - Insulin signalling in human adipocytes (normal condition), 11, 54, 20, 18, 24, 39, 22, 81, 14, 22, 13, 83, 64, 29, 20, 24, 29, 14, 22, 22, 64, 22, 20, 19, 14, 14, 38, 22, 14, 45, 45, 34, 45, 34, 34
Tseng2012 - Circadian clock of N.crassa, 46, 72, 50, 69, 30, 62, 24, 77, 40, 26, 52, 71, 56, 54, 19, 66, 59, 15, 24, 56, 55, 53, 50, 49, 14, 39, 56, 52, 38, 50, 53, 43, 49, 42, 41
Venkatraman2012 - Interplay between PLS and TSP1 in TGF-β1 activation, 114, 94, 112, 362, 241, 162, 96, 82, 38, 199, 138, 74, 26, 67, 68, 400, 113, 52, 158, 228, 41, 142, 219, 44, 44, 69, 140, 196, 88, 50, 82, 26, 74, 37, 23
Erguler2013 - Unfolded protein stress response, 2, 51, 0, 1, 0, 1, 0, 31, 0, 0, 1, 70, 29, 1, 0, 6, 1, 0, 8, 2, 66, 4, 6, 1, 4, 4, 4, 28, 22, 3, 4, 3, 40, 36, 29
Proctor2012 - Amyloid-beta aggregation, 0, 0, 0, 0, 0, 0, 0, 0, 0, 0, 0, 0, 0, 0, 0, 0, 0, 0, 0, 0, 0, 0, 0, 0, 0, 0, 0, 0, 0, 0, 0, 0, 0, 0, 0
Liebal2012 - B.subtilis transcription inhibition model, 0, 4, 0, 0, 0, 0, 0, 2, 2, 0, 2, 4, 5, 0, 0, 0, 0, 0, 0, 2, 8, 2, 0, 2, 0, 2, 0, 2, 2, 2, 2, 3, 2, 3, 3
Liebal2012 - B.subtilis sigB proteolysis model, 0, 4, 0, 0, 0, 0, 0, 6, 2, 0, 2, 4, 5, 0, 0, 0, 0, 0, 0, 2, 8, 2, 0, 2, 0, 2, 0, 2, 2, 2, 2, 3, 2, 3, 3
Liebal2012 - B.subtilis post-transcriptional instability model, 0, 4, 0, 0, 0, 0, 0, 2, 2, 0, 2, 4, 5, 0, 0, 0, 0, 0, 0, 2, 8, 2, 0, 2, 0, 2, 0, 2, 2, 2, 2, 3, 2, 3, 3
Smallbone2013 - Metabolic Control Analysis - Example 1, 0, 6, 0, 0, 0, 0, 0, 12, 2, 0, 4, 4, 14, 2, 0, 0, 4, 0, 0, 4, 12, 2, 0, 10, 0, 2, 2, 2, 2, 6, 8, 10, 4, 6, 6
Smallbone2013 - Metabolic Control Analysis - Example 3, 0, 6, 0, 0, 0, 0, 0, 13, 2, 0, 4, 4, 15, 2, 0, 0, 4, 0, 0, 4, 13, 2, 0, 11, 0, 2, 2, 2, 2, 7, 9, 12, 5, 8, 8
Smallbone2013 - Metabolic Control Analysis - Example 2, 1, 9, 1, 0, 0, 0, 0, 15, 6, 0, 9, 5, 15, 3, 0, 0, 5, 0, 0, 8, 13, 5, 1, 12, 0, 5, 3, 4, 4, 7, 10, 11, 5, 7, 7
Smallbone2013 - Serine biosynthesis, 0, 2, 0, 0, 0, 0, 0, 8, 0, 0, 0, 4, 11, 1, 0, 0, 1, 0, 0, 0, 14, 0, 0, 2, 0, 0, 1, 0, 0, 2, 2, 3, 2, 3, 3
Firczuk2013 - Eukaryotic mRNA translation machinery, 2394, 2211, 1026, 1368, 1026, 1794, 1026, 4622, 1026, 1026, 1368, 1328, 4569, 1273, 1368, 1026, 1237, 1368, 1026, 1368, 1349, 1026, 1026, 575, 1368, 1026, 1056, 1026, 1026, 377, 378, 325, 270, 218, 235
Bidkhori2012 - normal EGFR signalling, 507, 391, 421, 1370, 1082, 1454, 860, 492, 294, 897, 984, 420, 245, 811, 306, 1340, 843, 248, 860, 1068, 253, 1033, 412, 483, 228, 287, 672, 1026, 280, 431, 452, 230, 378, 177, 170
Carbo2013 - Cytokine driven CD4+ T Cell differentiation and phenotype plasticity, 0, 19, 0, 0, 5, 0, 22, 73, 0, 23, 0, 191, 221, 7, 5, 0, 7, 23, 22, 0, 266, 0, 0, 29, 22, 0, 7, 0, 0, 28, 29, 67, 28, 67, 53
Bidkhori2012 - EGFR signalling in NSCLC, 507, 391, 421, 1370, 1082, 1454, 860, 492, 294, 897, 984, 420, 245, 811, 306, 1340, 843, 248, 860, 1068, 253, 1033, 412, 483, 228, 287, 672, 1026, 280, 431, 452, 230, 378, 177, 170